family,record_id,native_before,native_after,native_change,qualification_before,qualification_after,scientific_action
evalplus,HumanEval/0,"{""base"": ""pass"", ""plus"": ""pass""}","{""base"": ""pass"", ""plus"": ""pass""}",False,"{""base"": ""CONFORMS"", ""plus"": ""CONFORMS""}","{""base"": ""CONFORMS"", ""plus"": ""CONFORMS""}",CAPTURED_RELATIONSHIP_SUPPORTED
evalplus,HumanEval/1,"{""base"": ""pass"", ""plus"": ""pass""}","{""base"": ""pass"", ""plus"": ""pass""}",False,"{""base"": ""CONFORMS"", ""plus"": ""CONFORMS""}","{""base"": ""CONFORMS"", ""plus"": ""CONFORMS""}",CAPTURED_RELATIONSHIP_SUPPORTED
evalplus,HumanEval/2,"{""base"": ""pass"", ""plus"": ""pass""}","{""base"": ""pass"", ""plus"": ""pass""}",False,"{""base"": ""CONFORMS"", ""plus"": ""CONFORMS""}","{""base"": ""CONFORMS"", ""plus"": ""CONFORMS""}",CAPTURED_RELATIONSHIP_SUPPORTED
evalplus,HumanEval/3,"{""base"": ""pass"", ""plus"": ""pass""}","{""base"": ""pass"", ""plus"": ""pass""}",False,"{""base"": ""CONFORMS"", ""plus"": ""CONFORMS""}","{""base"": ""CONFORMS"", ""plus"": ""CONFORMS""}",CAPTURED_RELATIONSHIP_SUPPORTED
evalplus,HumanEval/4,"{""base"": ""pass"", ""plus"": ""pass""}","{""base"": ""pass"", ""plus"": ""pass""}",False,"{""base"": ""CONFORMS"", ""plus"": ""CONFORMS""}","{""base"": ""CONFORMS"", ""plus"": ""CONFORMS""}",CAPTURED_RELATIONSHIP_SUPPORTED
evalplus,HumanEval/5,"{""base"": ""pass"", ""plus"": ""pass""}","{""base"": ""pass"", ""plus"": ""pass""}",False,"{""base"": ""CONFORMS"", ""plus"": ""CONFORMS""}","{""base"": ""CONFORMS"", ""plus"": ""CONFORMS""}",CAPTURED_RELATIONSHIP_SUPPORTED
evalplus,HumanEval/6,"{""base"": ""pass"", ""plus"": ""pass""}","{""base"": ""pass"", ""plus"": ""pass""}",False,"{""base"": ""CONFORMS"", ""plus"": ""CONFORMS""}","{""base"": ""CONFORMS"", ""plus"": ""CONFORMS""}",CAPTURED_RELATIONSHIP_SUPPORTED
evalplus,HumanEval/7,"{""base"": ""pass"", ""plus"": ""pass""}","{""base"": ""pass"", ""plus"": ""pass""}",False,"{""base"": ""CONFORMS"", ""plus"": ""CONFORMS""}","{""base"": ""CONFORMS"", ""plus"": ""CONFORMS""}",CAPTURED_RELATIONSHIP_SUPPORTED
evalplus,HumanEval/8,"{""base"": ""pass"", ""plus"": ""pass""}","{""base"": ""pass"", ""plus"": ""pass""}",False,"{""base"": ""CONFORMS"", ""plus"": ""CONFORMS""}","{""base"": ""CONFORMS"", ""plus"": ""CONFORMS""}",CAPTURED_RELATIONSHIP_SUPPORTED
evalplus,HumanEval/9,"{""base"": ""pass"", ""plus"": ""pass""}","{""base"": ""pass"", ""plus"": ""pass""}",False,"{""base"": ""CONFORMS"", ""plus"": ""CONFORMS""}","{""base"": ""CONFORMS"", ""plus"": ""CONFORMS""}",CAPTURED_RELATIONSHIP_SUPPORTED
evalplus,HumanEval/10,"{""base"": ""pass"", ""plus"": ""pass""}","{""base"": ""pass"", ""plus"": ""pass""}",False,"{""base"": ""CONFORMS"", ""plus"": ""CONFORMS""}","{""base"": ""CONFORMS"", ""plus"": ""CONFORMS""}",CAPTURED_RELATIONSHIP_SUPPORTED
evalplus,HumanEval/11,"{""base"": ""pass"", ""plus"": ""pass""}","{""base"": ""pass"", ""plus"": ""pass""}",False,"{""base"": ""CONFORMS"", ""plus"": ""CONFORMS""}","{""base"": ""CONFORMS"", ""plus"": ""CONFORMS""}",CAPTURED_RELATIONSHIP_SUPPORTED
evalplus,HumanEval/12,"{""base"": ""pass"", ""plus"": ""pass""}","{""base"": ""pass"", ""plus"": ""pass""}",False,"{""base"": ""CONFORMS"", ""plus"": ""CONFORMS""}","{""base"": ""CONFORMS"", ""plus"": ""CONFORMS""}",CAPTURED_RELATIONSHIP_SUPPORTED
evalplus,HumanEval/13,"{""base"": ""pass"", ""plus"": ""pass""}","{""base"": ""pass"", ""plus"": ""pass""}",False,"{""base"": ""CONFORMS"", ""plus"": ""CONFORMS""}","{""base"": ""CONFORMS"", ""plus"": ""CONFORMS""}",CAPTURED_RELATIONSHIP_SUPPORTED
evalplus,HumanEval/14,"{""base"": ""pass"", ""plus"": ""pass""}","{""base"": ""pass"", ""plus"": ""pass""}",False,"{""base"": ""CONFORMS"", ""plus"": ""CONFORMS""}","{""base"": ""CONFORMS"", ""plus"": ""CONFORMS""}",CAPTURED_RELATIONSHIP_SUPPORTED
evalplus,HumanEval/15,"{""base"": ""pass"", ""plus"": ""pass""}","{""base"": ""pass"", ""plus"": ""pass""}",False,"{""base"": ""CONFORMS"", ""plus"": ""INCONCLUSIVE""}","{""base"": ""CONFORMS"", ""plus"": ""INCONCLUSIVE""}",USE_INDEPENDENT_NATIVE_RESULTS_ONLY
evalplus,HumanEval/16,"{""base"": ""pass"", ""plus"": ""pass""}","{""base"": ""pass"", ""plus"": ""pass""}",False,"{""base"": ""CONFORMS"", ""plus"": ""CONFORMS""}","{""base"": ""CONFORMS"", ""plus"": ""CONFORMS""}",CAPTURED_RELATIONSHIP_SUPPORTED
evalplus,HumanEval/17,"{""base"": ""pass"", ""plus"": ""pass""}","{""base"": ""pass"", ""plus"": ""pass""}",False,"{""base"": ""CONFORMS"", ""plus"": ""CONFORMS""}","{""base"": ""CONFORMS"", ""plus"": ""CONFORMS""}",CAPTURED_RELATIONSHIP_SUPPORTED
evalplus,HumanEval/18,"{""base"": ""pass"", ""plus"": ""pass""}","{""base"": ""pass"", ""plus"": ""pass""}",False,"{""base"": ""CONFORMS"", ""plus"": ""CONFORMS""}","{""base"": ""CONFORMS"", ""plus"": ""CONFORMS""}",CAPTURED_RELATIONSHIP_SUPPORTED
evalplus,HumanEval/19,"{""base"": ""fail"", ""plus"": ""fail""}","{""base"": ""fail"", ""plus"": ""fail""}",False,"{""base"": ""CONFORMS"", ""plus"": ""CONFORMS""}","{""base"": ""CONFORMS"", ""plus"": ""CONFORMS""}",CAPTURED_RELATIONSHIP_SUPPORTED
evalplus,HumanEval/20,"{""base"": ""pass"", ""plus"": ""pass""}","{""base"": ""pass"", ""plus"": ""pass""}",False,"{""base"": ""CONFORMS"", ""plus"": ""CONFORMS""}","{""base"": ""CONFORMS"", ""plus"": ""CONFORMS""}",CAPTURED_RELATIONSHIP_SUPPORTED
evalplus,HumanEval/21,"{""base"": ""pass"", ""plus"": ""pass""}","{""base"": ""pass"", ""plus"": ""pass""}",False,"{""base"": ""CONFORMS"", ""plus"": ""CONFORMS""}","{""base"": ""CONFORMS"", ""plus"": ""CONFORMS""}",CAPTURED_RELATIONSHIP_SUPPORTED
evalplus,HumanEval/22,"{""base"": ""pass"", ""plus"": ""fail""}","{""base"": ""pass"", ""plus"": ""fail""}",False,"{""base"": ""CONFORMS"", ""plus"": ""CONFORMS""}","{""base"": ""CONFORMS"", ""plus"": ""CONFORMS""}",CAPTURED_RELATIONSHIP_SUPPORTED
evalplus,HumanEval/23,"{""base"": ""pass"", ""plus"": ""pass""}","{""base"": ""pass"", ""plus"": ""pass""}",False,"{""base"": ""CONFORMS"", ""plus"": ""CONFORMS""}","{""base"": ""CONFORMS"", ""plus"": ""CONFORMS""}",CAPTURED_RELATIONSHIP_SUPPORTED
evalplus,HumanEval/24,"{""base"": ""pass"", ""plus"": ""pass""}","{""base"": ""pass"", ""plus"": ""pass""}",False,"{""base"": ""CONFORMS"", ""plus"": ""INCONCLUSIVE""}","{""base"": ""CONFORMS"", ""plus"": ""INCONCLUSIVE""}",USE_INDEPENDENT_NATIVE_RESULTS_ONLY
evalplus,HumanEval/25,"{""base"": ""pass"", ""plus"": ""pass""}","{""base"": ""pass"", ""plus"": ""pass""}",False,"{""base"": ""CONFORMS"", ""plus"": ""CONFORMS""}","{""base"": ""CONFORMS"", ""plus"": ""CONFORMS""}",CAPTURED_RELATIONSHIP_SUPPORTED
evalplus,HumanEval/26,"{""base"": ""pass"", ""plus"": ""pass""}","{""base"": ""pass"", ""plus"": ""pass""}",False,"{""base"": ""CONFORMS"", ""plus"": ""CONFORMS""}","{""base"": ""CONFORMS"", ""plus"": ""CONFORMS""}",CAPTURED_RELATIONSHIP_SUPPORTED
evalplus,HumanEval/27,"{""base"": ""pass"", ""plus"": ""pass""}","{""base"": ""pass"", ""plus"": ""pass""}",False,"{""base"": ""CONFORMS"", ""plus"": ""CONFORMS""}","{""base"": ""CONFORMS"", ""plus"": ""CONFORMS""}",CAPTURED_RELATIONSHIP_SUPPORTED
evalplus,HumanEval/28,"{""base"": ""pass"", ""plus"": ""pass""}","{""base"": ""pass"", ""plus"": ""pass""}",False,"{""base"": ""CONFORMS"", ""plus"": ""CONFORMS""}","{""base"": ""CONFORMS"", ""plus"": ""CONFORMS""}",CAPTURED_RELATIONSHIP_SUPPORTED
evalplus,HumanEval/29,"{""base"": ""pass"", ""plus"": ""pass""}","{""base"": ""pass"", ""plus"": ""pass""}",False,"{""base"": ""CONFORMS"", ""plus"": ""CONFORMS""}","{""base"": ""CONFORMS"", ""plus"": ""CONFORMS""}",CAPTURED_RELATIONSHIP_SUPPORTED
evalplus,HumanEval/30,"{""base"": ""pass"", ""plus"": ""pass""}","{""base"": ""pass"", ""plus"": ""pass""}",False,"{""base"": ""CONFORMS"", ""plus"": ""CONFORMS""}","{""base"": ""CONFORMS"", ""plus"": ""CONFORMS""}",CAPTURED_RELATIONSHIP_SUPPORTED
evalplus,HumanEval/31,"{""base"": ""pass"", ""plus"": ""pass""}","{""base"": ""pass"", ""plus"": ""pass""}",False,"{""base"": ""CONFORMS"", ""plus"": ""CONFORMS""}","{""base"": ""CONFORMS"", ""plus"": ""CONFORMS""}",CAPTURED_RELATIONSHIP_SUPPORTED
evalplus,HumanEval/32,"{""base"": ""fail"", ""plus"": ""fail""}","{""base"": ""pass"", ""plus"": ""fail""}",True,"{""base"": ""VIOLATION"", ""plus"": ""VIOLATION""}","{""base"": ""CONFORMS"", ""plus"": ""CONFORMS""}",RETAIN_NATIVE_RESULTS_AND_COMMITMENT_CONTRADICTION
evalplus,HumanEval/33,"{""base"": ""fail"", ""plus"": ""fail""}","{""base"": ""fail"", ""plus"": ""fail""}",False,"{""base"": ""CONFORMS"", ""plus"": ""CONFORMS""}","{""base"": ""CONFORMS"", ""plus"": ""CONFORMS""}",CAPTURED_RELATIONSHIP_SUPPORTED
evalplus,HumanEval/34,"{""base"": ""pass"", ""plus"": ""pass""}","{""base"": ""pass"", ""plus"": ""pass""}",False,"{""base"": ""CONFORMS"", ""plus"": ""CONFORMS""}","{""base"": ""CONFORMS"", ""plus"": ""CONFORMS""}",CAPTURED_RELATIONSHIP_SUPPORTED
evalplus,HumanEval/35,"{""base"": ""pass"", ""plus"": ""pass""}","{""base"": ""pass"", ""plus"": ""pass""}",False,"{""base"": ""CONFORMS"", ""plus"": ""CONFORMS""}","{""base"": ""CONFORMS"", ""plus"": ""CONFORMS""}",CAPTURED_RELATIONSHIP_SUPPORTED
evalplus,HumanEval/36,"{""base"": ""pass"", ""plus"": ""pass""}","{""base"": ""pass"", ""plus"": ""pass""}",False,"{""base"": ""CONFORMS"", ""plus"": ""CONFORMS""}","{""base"": ""CONFORMS"", ""plus"": ""CONFORMS""}",CAPTURED_RELATIONSHIP_SUPPORTED
evalplus,HumanEval/37,"{""base"": ""pass"", ""plus"": ""pass""}","{""base"": ""pass"", ""plus"": ""pass""}",False,"{""base"": ""CONFORMS"", ""plus"": ""CONFORMS""}","{""base"": ""CONFORMS"", ""plus"": ""CONFORMS""}",CAPTURED_RELATIONSHIP_SUPPORTED
evalplus,HumanEval/38,"{""base"": ""pass"", ""plus"": ""pass""}","{""base"": ""pass"", ""plus"": ""pass""}",False,"{""base"": ""CONFORMS"", ""plus"": ""CONFORMS""}","{""base"": ""CONFORMS"", ""plus"": ""CONFORMS""}",CAPTURED_RELATIONSHIP_SUPPORTED
evalplus,HumanEval/39,"{""base"": ""pass"", ""plus"": ""fail""}","{""base"": ""pass"", ""plus"": ""fail""}",False,"{""base"": ""CONFORMS"", ""plus"": ""CONFORMS""}","{""base"": ""CONFORMS"", ""plus"": ""CONFORMS""}",CAPTURED_RELATIONSHIP_SUPPORTED
evalplus,HumanEval/40,"{""base"": ""pass"", ""plus"": ""pass""}","{""base"": ""pass"", ""plus"": ""pass""}",False,"{""base"": ""CONFORMS"", ""plus"": ""CONFORMS""}","{""base"": ""CONFORMS"", ""plus"": ""CONFORMS""}",CAPTURED_RELATIONSHIP_SUPPORTED
evalplus,HumanEval/41,"{""base"": ""pass"", ""plus"": ""pass""}","{""base"": ""pass"", ""plus"": ""pass""}",False,"{""base"": ""CONFORMS"", ""plus"": ""CONFORMS""}","{""base"": ""CONFORMS"", ""plus"": ""CONFORMS""}",CAPTURED_RELATIONSHIP_SUPPORTED
evalplus,HumanEval/42,"{""base"": ""pass"", ""plus"": ""pass""}","{""base"": ""pass"", ""plus"": ""pass""}",False,"{""base"": ""CONFORMS"", ""plus"": ""CONFORMS""}","{""base"": ""CONFORMS"", ""plus"": ""CONFORMS""}",CAPTURED_RELATIONSHIP_SUPPORTED
evalplus,HumanEval/43,"{""base"": ""pass"", ""plus"": ""pass""}","{""base"": ""pass"", ""plus"": ""pass""}",False,"{""base"": ""CONFORMS"", ""plus"": ""CONFORMS""}","{""base"": ""CONFORMS"", ""plus"": ""CONFORMS""}",CAPTURED_RELATIONSHIP_SUPPORTED
evalplus,HumanEval/44,"{""base"": ""pass"", ""plus"": ""pass""}","{""base"": ""pass"", ""plus"": ""pass""}",False,"{""base"": ""CONFORMS"", ""plus"": ""CONFORMS""}","{""base"": ""CONFORMS"", ""plus"": ""CONFORMS""}",CAPTURED_RELATIONSHIP_SUPPORTED
evalplus,HumanEval/45,"{""base"": ""pass"", ""plus"": ""pass""}","{""base"": ""pass"", ""plus"": ""pass""}",False,"{""base"": ""CONFORMS"", ""plus"": ""CONFORMS""}","{""base"": ""CONFORMS"", ""plus"": ""CONFORMS""}",CAPTURED_RELATIONSHIP_SUPPORTED
evalplus,HumanEval/46,"{""base"": ""pass"", ""plus"": ""pass""}","{""base"": ""pass"", ""plus"": ""pass""}",False,"{""base"": ""CONFORMS"", ""plus"": ""CONFORMS""}","{""base"": ""CONFORMS"", ""plus"": ""CONFORMS""}",CAPTURED_RELATIONSHIP_SUPPORTED
evalplus,HumanEval/47,"{""base"": ""pass"", ""plus"": ""pass""}","{""base"": ""pass"", ""plus"": ""pass""}",False,"{""base"": ""CONFORMS"", ""plus"": ""CONFORMS""}","{""base"": ""CONFORMS"", ""plus"": ""CONFORMS""}",CAPTURED_RELATIONSHIP_SUPPORTED
evalplus,HumanEval/48,"{""base"": ""pass"", ""plus"": ""fail""}","{""base"": ""pass"", ""plus"": ""fail""}",False,"{""base"": ""CONFORMS"", ""plus"": ""CONFORMS""}","{""base"": ""CONFORMS"", ""plus"": ""CONFORMS""}",CAPTURED_RELATIONSHIP_SUPPORTED
evalplus,HumanEval/49,"{""base"": ""pass"", ""plus"": ""pass""}","{""base"": ""pass"", ""plus"": ""pass""}",False,"{""base"": ""CONFORMS"", ""plus"": ""CONFORMS""}","{""base"": ""CONFORMS"", ""plus"": ""CONFORMS""}",CAPTURED_RELATIONSHIP_SUPPORTED
evalplus,HumanEval/50,"{""base"": ""pass"", ""plus"": ""pass""}","{""base"": ""pass"", ""plus"": ""pass""}",False,"{""base"": ""CONFORMS"", ""plus"": ""CONFORMS""}","{""base"": ""CONFORMS"", ""plus"": ""CONFORMS""}",CAPTURED_RELATIONSHIP_SUPPORTED
evalplus,HumanEval/51,"{""base"": ""pass"", ""plus"": ""pass""}","{""base"": ""pass"", ""plus"": ""pass""}",False,"{""base"": ""CONFORMS"", ""plus"": ""CONFORMS""}","{""base"": ""CONFORMS"", ""plus"": ""CONFORMS""}",CAPTURED_RELATIONSHIP_SUPPORTED
evalplus,HumanEval/52,"{""base"": ""pass"", ""plus"": ""pass""}","{""base"": ""pass"", ""plus"": ""pass""}",False,"{""base"": ""CONFORMS"", ""plus"": ""CONFORMS""}","{""base"": ""CONFORMS"", ""plus"": ""CONFORMS""}",CAPTURED_RELATIONSHIP_SUPPORTED
evalplus,HumanEval/53,"{""base"": ""pass"", ""plus"": ""pass""}","{""base"": ""pass"", ""plus"": ""pass""}",False,"{""base"": ""CONFORMS"", ""plus"": ""CONFORMS""}","{""base"": ""CONFORMS"", ""plus"": ""CONFORMS""}",CAPTURED_RELATIONSHIP_SUPPORTED
evalplus,HumanEval/54,"{""base"": ""pass"", ""plus"": ""pass""}","{""base"": ""pass"", ""plus"": ""pass""}",False,"{""base"": ""CONFORMS"", ""plus"": ""CONFORMS""}","{""base"": ""CONFORMS"", ""plus"": ""CONFORMS""}",CAPTURED_RELATIONSHIP_SUPPORTED
evalplus,HumanEval/55,"{""base"": ""pass"", ""plus"": ""pass""}","{""base"": ""pass"", ""plus"": ""pass""}",False,"{""base"": ""CONFORMS"", ""plus"": ""CONFORMS""}","{""base"": ""CONFORMS"", ""plus"": ""CONFORMS""}",CAPTURED_RELATIONSHIP_SUPPORTED
evalplus,HumanEval/56,"{""base"": ""pass"", ""plus"": ""pass""}","{""base"": ""pass"", ""plus"": ""pass""}",False,"{""base"": ""CONFORMS"", ""plus"": ""CONFORMS""}","{""base"": ""CONFORMS"", ""plus"": ""CONFORMS""}",CAPTURED_RELATIONSHIP_SUPPORTED
evalplus,HumanEval/57,"{""base"": ""pass"", ""plus"": ""pass""}","{""base"": ""pass"", ""plus"": ""pass""}",False,"{""base"": ""CONFORMS"", ""plus"": ""CONFORMS""}","{""base"": ""CONFORMS"", ""plus"": ""CONFORMS""}",CAPTURED_RELATIONSHIP_SUPPORTED
evalplus,HumanEval/58,"{""base"": ""pass"", ""plus"": ""pass""}","{""base"": ""pass"", ""plus"": ""pass""}",False,"{""base"": ""CONFORMS"", ""plus"": ""CONFORMS""}","{""base"": ""CONFORMS"", ""plus"": ""CONFORMS""}",CAPTURED_RELATIONSHIP_SUPPORTED
evalplus,HumanEval/59,"{""base"": ""pass"", ""plus"": ""pass""}","{""base"": ""pass"", ""plus"": ""pass""}",False,"{""base"": ""CONFORMS"", ""plus"": ""CONFORMS""}","{""base"": ""CONFORMS"", ""plus"": ""CONFORMS""}",CAPTURED_RELATIONSHIP_SUPPORTED
evalplus,HumanEval/60,"{""base"": ""pass"", ""plus"": ""pass""}","{""base"": ""pass"", ""plus"": ""pass""}",False,"{""base"": ""CONFORMS"", ""plus"": ""CONFORMS""}","{""base"": ""CONFORMS"", ""plus"": ""CONFORMS""}",CAPTURED_RELATIONSHIP_SUPPORTED
evalplus,HumanEval/61,"{""base"": ""pass"", ""plus"": ""pass""}","{""base"": ""pass"", ""plus"": ""pass""}",False,"{""base"": ""CONFORMS"", ""plus"": ""CONFORMS""}","{""base"": ""CONFORMS"", ""plus"": ""CONFORMS""}",CAPTURED_RELATIONSHIP_SUPPORTED
evalplus,HumanEval/62,"{""base"": ""pass"", ""plus"": ""pass""}","{""base"": ""pass"", ""plus"": ""pass""}",False,"{""base"": ""CONFORMS"", ""plus"": ""CONFORMS""}","{""base"": ""CONFORMS"", ""plus"": ""CONFORMS""}",CAPTURED_RELATIONSHIP_SUPPORTED
evalplus,HumanEval/63,"{""base"": ""pass"", ""plus"": ""pass""}","{""base"": ""pass"", ""plus"": ""pass""}",False,"{""base"": ""CONFORMS"", ""plus"": ""CONFORMS""}","{""base"": ""CONFORMS"", ""plus"": ""CONFORMS""}",CAPTURED_RELATIONSHIP_SUPPORTED
evalplus,HumanEval/64,"{""base"": ""pass"", ""plus"": ""pass""}","{""base"": ""pass"", ""plus"": ""pass""}",False,"{""base"": ""CONFORMS"", ""plus"": ""CONFORMS""}","{""base"": ""CONFORMS"", ""plus"": ""CONFORMS""}",CAPTURED_RELATIONSHIP_SUPPORTED
evalplus,HumanEval/65,"{""base"": ""fail"", ""plus"": ""fail""}","{""base"": ""fail"", ""plus"": ""fail""}",False,"{""base"": ""CONFORMS"", ""plus"": ""CONFORMS""}","{""base"": ""CONFORMS"", ""plus"": ""CONFORMS""}",CAPTURED_RELATIONSHIP_SUPPORTED
evalplus,HumanEval/66,"{""base"": ""pass"", ""plus"": ""pass""}","{""base"": ""pass"", ""plus"": ""pass""}",False,"{""base"": ""CONFORMS"", ""plus"": ""CONFORMS""}","{""base"": ""CONFORMS"", ""plus"": ""CONFORMS""}",CAPTURED_RELATIONSHIP_SUPPORTED
evalplus,HumanEval/67,"{""base"": ""pass"", ""plus"": ""pass""}","{""base"": ""pass"", ""plus"": ""pass""}",False,"{""base"": ""CONFORMS"", ""plus"": ""CONFORMS""}","{""base"": ""CONFORMS"", ""plus"": ""CONFORMS""}",CAPTURED_RELATIONSHIP_SUPPORTED
evalplus,HumanEval/68,"{""base"": ""pass"", ""plus"": ""pass""}","{""base"": ""pass"", ""plus"": ""pass""}",False,"{""base"": ""CONFORMS"", ""plus"": ""CONFORMS""}","{""base"": ""CONFORMS"", ""plus"": ""CONFORMS""}",CAPTURED_RELATIONSHIP_SUPPORTED
evalplus,HumanEval/69,"{""base"": ""pass"", ""plus"": ""pass""}","{""base"": ""pass"", ""plus"": ""pass""}",False,"{""base"": ""CONFORMS"", ""plus"": ""CONFORMS""}","{""base"": ""CONFORMS"", ""plus"": ""CONFORMS""}",CAPTURED_RELATIONSHIP_SUPPORTED
evalplus,HumanEval/70,"{""base"": ""pass"", ""plus"": ""pass""}","{""base"": ""pass"", ""plus"": ""pass""}",False,"{""base"": ""CONFORMS"", ""plus"": ""CONFORMS""}","{""base"": ""CONFORMS"", ""plus"": ""CONFORMS""}",CAPTURED_RELATIONSHIP_SUPPORTED
evalplus,HumanEval/71,"{""base"": ""pass"", ""plus"": ""pass""}","{""base"": ""pass"", ""plus"": ""pass""}",False,"{""base"": ""CONFORMS"", ""plus"": ""CONFORMS""}","{""base"": ""CONFORMS"", ""plus"": ""CONFORMS""}",CAPTURED_RELATIONSHIP_SUPPORTED
evalplus,HumanEval/72,"{""base"": ""pass"", ""plus"": ""pass""}","{""base"": ""pass"", ""plus"": ""pass""}",False,"{""base"": ""CONFORMS"", ""plus"": ""CONFORMS""}","{""base"": ""CONFORMS"", ""plus"": ""CONFORMS""}",CAPTURED_RELATIONSHIP_SUPPORTED
evalplus,HumanEval/73,"{""base"": ""pass"", ""plus"": ""pass""}","{""base"": ""pass"", ""plus"": ""pass""}",False,"{""base"": ""CONFORMS"", ""plus"": ""CONFORMS""}","{""base"": ""CONFORMS"", ""plus"": ""CONFORMS""}",CAPTURED_RELATIONSHIP_SUPPORTED
evalplus,HumanEval/74,"{""base"": ""pass"", ""plus"": ""pass""}","{""base"": ""pass"", ""plus"": ""pass""}",False,"{""base"": ""CONFORMS"", ""plus"": ""CONFORMS""}","{""base"": ""CONFORMS"", ""plus"": ""CONFORMS""}",CAPTURED_RELATIONSHIP_SUPPORTED
evalplus,HumanEval/75,"{""base"": ""pass"", ""plus"": ""pass""}","{""base"": ""pass"", ""plus"": ""pass""}",False,"{""base"": ""CONFORMS"", ""plus"": ""CONFORMS""}","{""base"": ""CONFORMS"", ""plus"": ""CONFORMS""}",CAPTURED_RELATIONSHIP_SUPPORTED
evalplus,HumanEval/76,"{""base"": ""pass"", ""plus"": ""fail""}","{""base"": ""pass"", ""plus"": ""fail""}",False,"{""base"": ""CONFORMS"", ""plus"": ""CONFORMS""}","{""base"": ""CONFORMS"", ""plus"": ""CONFORMS""}",CAPTURED_RELATIONSHIP_SUPPORTED
evalplus,HumanEval/77,"{""base"": ""pass"", ""plus"": ""pass""}","{""base"": ""pass"", ""plus"": ""pass""}",False,"{""base"": ""CONFORMS"", ""plus"": ""CONFORMS""}","{""base"": ""CONFORMS"", ""plus"": ""CONFORMS""}",CAPTURED_RELATIONSHIP_SUPPORTED
evalplus,HumanEval/78,"{""base"": ""pass"", ""plus"": ""pass""}","{""base"": ""pass"", ""plus"": ""pass""}",False,"{""base"": ""CONFORMS"", ""plus"": ""CONFORMS""}","{""base"": ""CONFORMS"", ""plus"": ""CONFORMS""}",CAPTURED_RELATIONSHIP_SUPPORTED
evalplus,HumanEval/79,"{""base"": ""pass"", ""plus"": ""pass""}","{""base"": ""pass"", ""plus"": ""pass""}",False,"{""base"": ""CONFORMS"", ""plus"": ""CONFORMS""}","{""base"": ""CONFORMS"", ""plus"": ""CONFORMS""}",CAPTURED_RELATIONSHIP_SUPPORTED
evalplus,HumanEval/80,"{""base"": ""pass"", ""plus"": ""pass""}","{""base"": ""pass"", ""plus"": ""pass""}",False,"{""base"": ""CONFORMS"", ""plus"": ""CONFORMS""}","{""base"": ""CONFORMS"", ""plus"": ""CONFORMS""}",CAPTURED_RELATIONSHIP_SUPPORTED
evalplus,HumanEval/81,"{""base"": ""pass"", ""plus"": ""pass""}","{""base"": ""pass"", ""plus"": ""pass""}",False,"{""base"": ""CONFORMS"", ""plus"": ""CONFORMS""}","{""base"": ""CONFORMS"", ""plus"": ""CONFORMS""}",CAPTURED_RELATIONSHIP_SUPPORTED
evalplus,HumanEval/82,"{""base"": ""pass"", ""plus"": ""pass""}","{""base"": ""pass"", ""plus"": ""pass""}",False,"{""base"": ""CONFORMS"", ""plus"": ""CONFORMS""}","{""base"": ""CONFORMS"", ""plus"": ""CONFORMS""}",CAPTURED_RELATIONSHIP_SUPPORTED
evalplus,HumanEval/83,"{""base"": ""fail"", ""plus"": ""fail""}","{""base"": ""fail"", ""plus"": ""fail""}",False,"{""base"": ""CONFORMS"", ""plus"": ""CONFORMS""}","{""base"": ""CONFORMS"", ""plus"": ""CONFORMS""}",CAPTURED_RELATIONSHIP_SUPPORTED
evalplus,HumanEval/84,"{""base"": ""pass"", ""plus"": ""pass""}","{""base"": ""pass"", ""plus"": ""pass""}",False,"{""base"": ""CONFORMS"", ""plus"": ""CONFORMS""}","{""base"": ""CONFORMS"", ""plus"": ""CONFORMS""}",CAPTURED_RELATIONSHIP_SUPPORTED
evalplus,HumanEval/85,"{""base"": ""pass"", ""plus"": ""pass""}","{""base"": ""pass"", ""plus"": ""pass""}",False,"{""base"": ""CONFORMS"", ""plus"": ""CONFORMS""}","{""base"": ""CONFORMS"", ""plus"": ""CONFORMS""}",CAPTURED_RELATIONSHIP_SUPPORTED
evalplus,HumanEval/86,"{""base"": ""pass"", ""plus"": ""pass""}","{""base"": ""pass"", ""plus"": ""pass""}",False,"{""base"": ""CONFORMS"", ""plus"": ""CONFORMS""}","{""base"": ""CONFORMS"", ""plus"": ""CONFORMS""}",CAPTURED_RELATIONSHIP_SUPPORTED
evalplus,HumanEval/87,"{""base"": ""pass"", ""plus"": ""pass""}","{""base"": ""pass"", ""plus"": ""pass""}",False,"{""base"": ""CONFORMS"", ""plus"": ""CONFORMS""}","{""base"": ""CONFORMS"", ""plus"": ""CONFORMS""}",CAPTURED_RELATIONSHIP_SUPPORTED
evalplus,HumanEval/88,"{""base"": ""pass"", ""plus"": ""pass""}","{""base"": ""pass"", ""plus"": ""pass""}",False,"{""base"": ""CONFORMS"", ""plus"": ""CONFORMS""}","{""base"": ""CONFORMS"", ""plus"": ""CONFORMS""}",CAPTURED_RELATIONSHIP_SUPPORTED
evalplus,HumanEval/89,"{""base"": ""pass"", ""plus"": ""pass""}","{""base"": ""pass"", ""plus"": ""pass""}",False,"{""base"": ""CONFORMS"", ""plus"": ""CONFORMS""}","{""base"": ""CONFORMS"", ""plus"": ""CONFORMS""}",CAPTURED_RELATIONSHIP_SUPPORTED
evalplus,HumanEval/90,"{""base"": ""pass"", ""plus"": ""pass""}","{""base"": ""pass"", ""plus"": ""pass""}",False,"{""base"": ""CONFORMS"", ""plus"": ""CONFORMS""}","{""base"": ""CONFORMS"", ""plus"": ""CONFORMS""}",CAPTURED_RELATIONSHIP_SUPPORTED
evalplus,HumanEval/91,"{""base"": ""pass"", ""plus"": ""pass""}","{""base"": ""pass"", ""plus"": ""pass""}",False,"{""base"": ""CONFORMS"", ""plus"": ""CONFORMS""}","{""base"": ""CONFORMS"", ""plus"": ""CONFORMS""}",CAPTURED_RELATIONSHIP_SUPPORTED
evalplus,HumanEval/92,"{""base"": ""pass"", ""plus"": ""pass""}","{""base"": ""pass"", ""plus"": ""pass""}",False,"{""base"": ""CONFORMS"", ""plus"": ""CONFORMS""}","{""base"": ""CONFORMS"", ""plus"": ""CONFORMS""}",CAPTURED_RELATIONSHIP_SUPPORTED
evalplus,HumanEval/93,"{""base"": ""fail"", ""plus"": ""fail""}","{""base"": ""fail"", ""plus"": ""fail""}",False,"{""base"": ""CONFORMS"", ""plus"": ""CONFORMS""}","{""base"": ""CONFORMS"", ""plus"": ""CONFORMS""}",CAPTURED_RELATIONSHIP_SUPPORTED
evalplus,HumanEval/94,"{""base"": ""pass"", ""plus"": ""pass""}","{""base"": ""pass"", ""plus"": ""pass""}",False,"{""base"": ""CONFORMS"", ""plus"": ""CONFORMS""}","{""base"": ""CONFORMS"", ""plus"": ""CONFORMS""}",CAPTURED_RELATIONSHIP_SUPPORTED
evalplus,HumanEval/95,"{""base"": ""pass"", ""plus"": ""pass""}","{""base"": ""pass"", ""plus"": ""pass""}",False,"{""base"": ""CONFORMS"", ""plus"": ""CONFORMS""}","{""base"": ""CONFORMS"", ""plus"": ""CONFORMS""}",CAPTURED_RELATIONSHIP_SUPPORTED
evalplus,HumanEval/96,"{""base"": ""pass"", ""plus"": ""pass""}","{""base"": ""pass"", ""plus"": ""pass""}",False,"{""base"": ""CONFORMS"", ""plus"": ""CONFORMS""}","{""base"": ""CONFORMS"", ""plus"": ""CONFORMS""}",CAPTURED_RELATIONSHIP_SUPPORTED
evalplus,HumanEval/97,"{""base"": ""pass"", ""plus"": ""pass""}","{""base"": ""pass"", ""plus"": ""pass""}",False,"{""base"": ""CONFORMS"", ""plus"": ""CONFORMS""}","{""base"": ""CONFORMS"", ""plus"": ""CONFORMS""}",CAPTURED_RELATIONSHIP_SUPPORTED
evalplus,HumanEval/98,"{""base"": ""pass"", ""plus"": ""pass""}","{""base"": ""pass"", ""plus"": ""pass""}",False,"{""base"": ""CONFORMS"", ""plus"": ""CONFORMS""}","{""base"": ""CONFORMS"", ""plus"": ""CONFORMS""}",CAPTURED_RELATIONSHIP_SUPPORTED
evalplus,HumanEval/99,"{""base"": ""pass"", ""plus"": ""pass""}","{""base"": ""pass"", ""plus"": ""pass""}",False,"{""base"": ""CONFORMS"", ""plus"": ""CONFORMS""}","{""base"": ""CONFORMS"", ""plus"": ""CONFORMS""}",CAPTURED_RELATIONSHIP_SUPPORTED
evalplus,HumanEval/100,"{""base"": ""pass"", ""plus"": ""pass""}","{""base"": ""pass"", ""plus"": ""pass""}",False,"{""base"": ""CONFORMS"", ""plus"": ""INCONCLUSIVE""}","{""base"": ""CONFORMS"", ""plus"": ""INCONCLUSIVE""}",USE_INDEPENDENT_NATIVE_RESULTS_ONLY
evalplus,HumanEval/101,"{""base"": ""fail"", ""plus"": ""fail""}","{""base"": ""fail"", ""plus"": ""fail""}",False,"{""base"": ""CONFORMS"", ""plus"": ""CONFORMS""}","{""base"": ""CONFORMS"", ""plus"": ""CONFORMS""}",CAPTURED_RELATIONSHIP_SUPPORTED
evalplus,HumanEval/102,"{""base"": ""pass"", ""plus"": ""pass""}","{""base"": ""pass"", ""plus"": ""pass""}",False,"{""base"": ""CONFORMS"", ""plus"": ""CONFORMS""}","{""base"": ""CONFORMS"", ""plus"": ""CONFORMS""}",CAPTURED_RELATIONSHIP_SUPPORTED
evalplus,HumanEval/103,"{""base"": ""pass"", ""plus"": ""pass""}","{""base"": ""pass"", ""plus"": ""pass""}",False,"{""base"": ""CONFORMS"", ""plus"": ""CONFORMS""}","{""base"": ""CONFORMS"", ""plus"": ""CONFORMS""}",CAPTURED_RELATIONSHIP_SUPPORTED
evalplus,HumanEval/104,"{""base"": ""pass"", ""plus"": ""pass""}","{""base"": ""pass"", ""plus"": ""pass""}",False,"{""base"": ""CONFORMS"", ""plus"": ""CONFORMS""}","{""base"": ""CONFORMS"", ""plus"": ""CONFORMS""}",CAPTURED_RELATIONSHIP_SUPPORTED
evalplus,HumanEval/105,"{""base"": ""pass"", ""plus"": ""pass""}","{""base"": ""pass"", ""plus"": ""pass""}",False,"{""base"": ""CONFORMS"", ""plus"": ""CONFORMS""}","{""base"": ""CONFORMS"", ""plus"": ""CONFORMS""}",CAPTURED_RELATIONSHIP_SUPPORTED
evalplus,HumanEval/106,"{""base"": ""pass"", ""plus"": ""pass""}","{""base"": ""pass"", ""plus"": ""pass""}",False,"{""base"": ""CONFORMS"", ""plus"": ""CONFORMS""}","{""base"": ""CONFORMS"", ""plus"": ""CONFORMS""}",CAPTURED_RELATIONSHIP_SUPPORTED
evalplus,HumanEval/107,"{""base"": ""pass"", ""plus"": ""pass""}","{""base"": ""pass"", ""plus"": ""pass""}",False,"{""base"": ""CONFORMS"", ""plus"": ""CONFORMS""}","{""base"": ""CONFORMS"", ""plus"": ""CONFORMS""}",CAPTURED_RELATIONSHIP_SUPPORTED
evalplus,HumanEval/108,"{""base"": ""fail"", ""plus"": ""fail""}","{""base"": ""fail"", ""plus"": ""fail""}",False,"{""base"": ""CONFORMS"", ""plus"": ""CONFORMS""}","{""base"": ""CONFORMS"", ""plus"": ""CONFORMS""}",CAPTURED_RELATIONSHIP_SUPPORTED
evalplus,HumanEval/109,"{""base"": ""fail"", ""plus"": ""fail""}","{""base"": ""fail"", ""plus"": ""fail""}",False,"{""base"": ""INCONCLUSIVE"", ""plus"": ""INCONCLUSIVE""}","{""base"": ""INCONCLUSIVE"", ""plus"": ""INCONCLUSIVE""}",USE_INDEPENDENT_NATIVE_RESULTS_ONLY
evalplus,HumanEval/110,"{""base"": ""pass"", ""plus"": ""pass""}","{""base"": ""pass"", ""plus"": ""pass""}",False,"{""base"": ""CONFORMS"", ""plus"": ""CONFORMS""}","{""base"": ""CONFORMS"", ""plus"": ""CONFORMS""}",CAPTURED_RELATIONSHIP_SUPPORTED
evalplus,HumanEval/111,"{""base"": ""pass"", ""plus"": ""pass""}","{""base"": ""pass"", ""plus"": ""pass""}",False,"{""base"": ""CONFORMS"", ""plus"": ""CONFORMS""}","{""base"": ""CONFORMS"", ""plus"": ""CONFORMS""}",CAPTURED_RELATIONSHIP_SUPPORTED
evalplus,HumanEval/112,"{""base"": ""pass"", ""plus"": ""pass""}","{""base"": ""pass"", ""plus"": ""pass""}",False,"{""base"": ""CONFORMS"", ""plus"": ""CONFORMS""}","{""base"": ""CONFORMS"", ""plus"": ""CONFORMS""}",CAPTURED_RELATIONSHIP_SUPPORTED
evalplus,HumanEval/113,"{""base"": ""pass"", ""plus"": ""pass""}","{""base"": ""pass"", ""plus"": ""pass""}",False,"{""base"": ""CONFORMS"", ""plus"": ""CONFORMS""}","{""base"": ""CONFORMS"", ""plus"": ""CONFORMS""}",CAPTURED_RELATIONSHIP_SUPPORTED
evalplus,HumanEval/114,"{""base"": ""pass"", ""plus"": ""pass""}","{""base"": ""pass"", ""plus"": ""pass""}",False,"{""base"": ""CONFORMS"", ""plus"": ""CONFORMS""}","{""base"": ""CONFORMS"", ""plus"": ""CONFORMS""}",CAPTURED_RELATIONSHIP_SUPPORTED
evalplus,HumanEval/115,"{""base"": ""fail"", ""plus"": ""fail""}","{""base"": ""fail"", ""plus"": ""fail""}",False,"{""base"": ""CONFORMS"", ""plus"": ""CONFORMS""}","{""base"": ""CONFORMS"", ""plus"": ""CONFORMS""}",CAPTURED_RELATIONSHIP_SUPPORTED
evalplus,HumanEval/116,"{""base"": ""pass"", ""plus"": ""pass""}","{""base"": ""pass"", ""plus"": ""pass""}",False,"{""base"": ""CONFORMS"", ""plus"": ""CONFORMS""}","{""base"": ""CONFORMS"", ""plus"": ""CONFORMS""}",CAPTURED_RELATIONSHIP_SUPPORTED
evalplus,HumanEval/117,"{""base"": ""pass"", ""plus"": ""pass""}","{""base"": ""pass"", ""plus"": ""pass""}",False,"{""base"": ""CONFORMS"", ""plus"": ""CONFORMS""}","{""base"": ""CONFORMS"", ""plus"": ""CONFORMS""}",CAPTURED_RELATIONSHIP_SUPPORTED
evalplus,HumanEval/118,"{""base"": ""pass"", ""plus"": ""pass""}","{""base"": ""pass"", ""plus"": ""pass""}",False,"{""base"": ""CONFORMS"", ""plus"": ""CONFORMS""}","{""base"": ""CONFORMS"", ""plus"": ""CONFORMS""}",CAPTURED_RELATIONSHIP_SUPPORTED
evalplus,HumanEval/119,"{""base"": ""pass"", ""plus"": ""pass""}","{""base"": ""pass"", ""plus"": ""pass""}",False,"{""base"": ""CONFORMS"", ""plus"": ""CONFORMS""}","{""base"": ""CONFORMS"", ""plus"": ""CONFORMS""}",CAPTURED_RELATIONSHIP_SUPPORTED
evalplus,HumanEval/120,"{""base"": ""fail"", ""plus"": ""fail""}","{""base"": ""fail"", ""plus"": ""fail""}",False,"{""base"": ""CONFORMS"", ""plus"": ""CONFORMS""}","{""base"": ""CONFORMS"", ""plus"": ""CONFORMS""}",CAPTURED_RELATIONSHIP_SUPPORTED
evalplus,HumanEval/121,"{""base"": ""pass"", ""plus"": ""pass""}","{""base"": ""pass"", ""plus"": ""pass""}",False,"{""base"": ""CONFORMS"", ""plus"": ""CONFORMS""}","{""base"": ""CONFORMS"", ""plus"": ""CONFORMS""}",CAPTURED_RELATIONSHIP_SUPPORTED
evalplus,HumanEval/122,"{""base"": ""fail"", ""plus"": ""fail""}","{""base"": ""fail"", ""plus"": ""fail""}",False,"{""base"": ""CONFORMS"", ""plus"": ""CONFORMS""}","{""base"": ""CONFORMS"", ""plus"": ""CONFORMS""}",CAPTURED_RELATIONSHIP_SUPPORTED
evalplus,HumanEval/123,"{""base"": ""pass"", ""plus"": ""pass""}","{""base"": ""pass"", ""plus"": ""pass""}",False,"{""base"": ""CONFORMS"", ""plus"": ""CONFORMS""}","{""base"": ""CONFORMS"", ""plus"": ""CONFORMS""}",CAPTURED_RELATIONSHIP_SUPPORTED
evalplus,HumanEval/124,"{""base"": ""pass"", ""plus"": ""fail""}","{""base"": ""pass"", ""plus"": ""fail""}",False,"{""base"": ""CONFORMS"", ""plus"": ""CONFORMS""}","{""base"": ""CONFORMS"", ""plus"": ""CONFORMS""}",CAPTURED_RELATIONSHIP_SUPPORTED
evalplus,HumanEval/125,"{""base"": ""fail"", ""plus"": ""fail""}","{""base"": ""fail"", ""plus"": ""fail""}",False,"{""base"": ""CONFORMS"", ""plus"": ""CONFORMS""}","{""base"": ""CONFORMS"", ""plus"": ""CONFORMS""}",CAPTURED_RELATIONSHIP_SUPPORTED
evalplus,HumanEval/126,"{""base"": ""fail"", ""plus"": ""fail""}","{""base"": ""fail"", ""plus"": ""fail""}",False,"{""base"": ""CONFORMS"", ""plus"": ""CONFORMS""}","{""base"": ""CONFORMS"", ""plus"": ""CONFORMS""}",CAPTURED_RELATIONSHIP_SUPPORTED
evalplus,HumanEval/127,"{""base"": ""fail"", ""plus"": ""fail""}","{""base"": ""fail"", ""plus"": ""fail""}",False,"{""base"": ""CONFORMS"", ""plus"": ""CONFORMS""}","{""base"": ""CONFORMS"", ""plus"": ""CONFORMS""}",CAPTURED_RELATIONSHIP_SUPPORTED
evalplus,HumanEval/128,"{""base"": ""pass"", ""plus"": ""pass""}","{""base"": ""pass"", ""plus"": ""pass""}",False,"{""base"": ""CONFORMS"", ""plus"": ""CONFORMS""}","{""base"": ""CONFORMS"", ""plus"": ""CONFORMS""}",CAPTURED_RELATIONSHIP_SUPPORTED
evalplus,HumanEval/129,"{""base"": ""fail"", ""plus"": ""fail""}","{""base"": ""fail"", ""plus"": ""fail""}",False,"{""base"": ""INCONCLUSIVE"", ""plus"": ""INCONCLUSIVE""}","{""base"": ""CONFORMS"", ""plus"": ""INCONCLUSIVE""}",USE_INDEPENDENT_NATIVE_RESULTS_ONLY
evalplus,HumanEval/130,"{""base"": ""fail"", ""plus"": ""fail""}","{""base"": ""fail"", ""plus"": ""fail""}",False,"{""base"": ""INCONCLUSIVE"", ""plus"": ""INCONCLUSIVE""}","{""base"": ""INCONCLUSIVE"", ""plus"": ""INCONCLUSIVE""}",USE_INDEPENDENT_NATIVE_RESULTS_ONLY
evalplus,HumanEval/131,"{""base"": ""pass"", ""plus"": ""pass""}","{""base"": ""pass"", ""plus"": ""pass""}",False,"{""base"": ""CONFORMS"", ""plus"": ""CONFORMS""}","{""base"": ""CONFORMS"", ""plus"": ""CONFORMS""}",CAPTURED_RELATIONSHIP_SUPPORTED
evalplus,HumanEval/132,"{""base"": ""fail"", ""plus"": ""fail""}","{""base"": ""fail"", ""plus"": ""fail""}",False,"{""base"": ""CONFORMS"", ""plus"": ""CONFORMS""}","{""base"": ""CONFORMS"", ""plus"": ""CONFORMS""}",CAPTURED_RELATIONSHIP_SUPPORTED
evalplus,HumanEval/133,"{""base"": ""pass"", ""plus"": ""pass""}","{""base"": ""pass"", ""plus"": ""pass""}",False,"{""base"": ""CONFORMS"", ""plus"": ""CONFORMS""}","{""base"": ""CONFORMS"", ""plus"": ""CONFORMS""}",CAPTURED_RELATIONSHIP_SUPPORTED
evalplus,HumanEval/134,"{""base"": ""fail"", ""plus"": ""fail""}","{""base"": ""fail"", ""plus"": ""fail""}",False,"{""base"": ""CONFORMS"", ""plus"": ""CONFORMS""}","{""base"": ""CONFORMS"", ""plus"": ""CONFORMS""}",CAPTURED_RELATIONSHIP_SUPPORTED
evalplus,HumanEval/135,"{""base"": ""fail"", ""plus"": ""fail""}","{""base"": ""fail"", ""plus"": ""fail""}",False,"{""base"": ""CONFORMS"", ""plus"": ""CONFORMS""}","{""base"": ""CONFORMS"", ""plus"": ""CONFORMS""}",CAPTURED_RELATIONSHIP_SUPPORTED
evalplus,HumanEval/136,"{""base"": ""pass"", ""plus"": ""pass""}","{""base"": ""pass"", ""plus"": ""pass""}",False,"{""base"": ""CONFORMS"", ""plus"": ""CONFORMS""}","{""base"": ""CONFORMS"", ""plus"": ""CONFORMS""}",CAPTURED_RELATIONSHIP_SUPPORTED
evalplus,HumanEval/137,"{""base"": ""pass"", ""plus"": ""pass""}","{""base"": ""pass"", ""plus"": ""pass""}",False,"{""base"": ""CONFORMS"", ""plus"": ""CONFORMS""}","{""base"": ""CONFORMS"", ""plus"": ""CONFORMS""}",CAPTURED_RELATIONSHIP_SUPPORTED
evalplus,HumanEval/138,"{""base"": ""fail"", ""plus"": ""fail""}","{""base"": ""fail"", ""plus"": ""fail""}",False,"{""base"": ""CONFORMS"", ""plus"": ""CONFORMS""}","{""base"": ""CONFORMS"", ""plus"": ""CONFORMS""}",CAPTURED_RELATIONSHIP_SUPPORTED
evalplus,HumanEval/139,"{""base"": ""pass"", ""plus"": ""pass""}","{""base"": ""pass"", ""plus"": ""pass""}",False,"{""base"": ""CONFORMS"", ""plus"": ""CONFORMS""}","{""base"": ""CONFORMS"", ""plus"": ""CONFORMS""}",CAPTURED_RELATIONSHIP_SUPPORTED
evalplus,HumanEval/140,"{""base"": ""pass"", ""plus"": ""pass""}","{""base"": ""pass"", ""plus"": ""pass""}",False,"{""base"": ""CONFORMS"", ""plus"": ""CONFORMS""}","{""base"": ""CONFORMS"", ""plus"": ""CONFORMS""}",CAPTURED_RELATIONSHIP_SUPPORTED
evalplus,HumanEval/141,"{""base"": ""fail"", ""plus"": ""fail""}","{""base"": ""fail"", ""plus"": ""fail""}",False,"{""base"": ""CONFORMS"", ""plus"": ""CONFORMS""}","{""base"": ""CONFORMS"", ""plus"": ""CONFORMS""}",CAPTURED_RELATIONSHIP_SUPPORTED
evalplus,HumanEval/142,"{""base"": ""pass"", ""plus"": ""pass""}","{""base"": ""pass"", ""plus"": ""pass""}",False,"{""base"": ""CONFORMS"", ""plus"": ""CONFORMS""}","{""base"": ""CONFORMS"", ""plus"": ""CONFORMS""}",CAPTURED_RELATIONSHIP_SUPPORTED
evalplus,HumanEval/143,"{""base"": ""pass"", ""plus"": ""pass""}","{""base"": ""pass"", ""plus"": ""pass""}",False,"{""base"": ""CONFORMS"", ""plus"": ""CONFORMS""}","{""base"": ""CONFORMS"", ""plus"": ""CONFORMS""}",CAPTURED_RELATIONSHIP_SUPPORTED
evalplus,HumanEval/144,"{""base"": ""pass"", ""plus"": ""pass""}","{""base"": ""pass"", ""plus"": ""pass""}",False,"{""base"": ""CONFORMS"", ""plus"": ""CONFORMS""}","{""base"": ""CONFORMS"", ""plus"": ""CONFORMS""}",CAPTURED_RELATIONSHIP_SUPPORTED
evalplus,HumanEval/145,"{""base"": ""fail"", ""plus"": ""fail""}","{""base"": ""fail"", ""plus"": ""fail""}",False,"{""base"": ""CONFORMS"", ""plus"": ""CONFORMS""}","{""base"": ""CONFORMS"", ""plus"": ""CONFORMS""}",CAPTURED_RELATIONSHIP_SUPPORTED
evalplus,HumanEval/146,"{""base"": ""pass"", ""plus"": ""pass""}","{""base"": ""pass"", ""plus"": ""pass""}",False,"{""base"": ""CONFORMS"", ""plus"": ""CONFORMS""}","{""base"": ""CONFORMS"", ""plus"": ""CONFORMS""}",CAPTURED_RELATIONSHIP_SUPPORTED
evalplus,HumanEval/147,"{""base"": ""pass"", ""plus"": ""fail""}","{""base"": ""pass"", ""plus"": ""fail""}",False,"{""base"": ""INCONCLUSIVE"", ""plus"": ""INCONCLUSIVE""}","{""base"": ""INCONCLUSIVE"", ""plus"": ""INCONCLUSIVE""}",USE_INDEPENDENT_NATIVE_RESULTS_ONLY
evalplus,HumanEval/148,"{""base"": ""pass"", ""plus"": ""pass""}","{""base"": ""pass"", ""plus"": ""pass""}",False,"{""base"": ""CONFORMS"", ""plus"": ""CONFORMS""}","{""base"": ""CONFORMS"", ""plus"": ""CONFORMS""}",CAPTURED_RELATIONSHIP_SUPPORTED
evalplus,HumanEval/149,"{""base"": ""pass"", ""plus"": ""pass""}","{""base"": ""pass"", ""plus"": ""pass""}",False,"{""base"": ""CONFORMS"", ""plus"": ""CONFORMS""}","{""base"": ""CONFORMS"", ""plus"": ""CONFORMS""}",CAPTURED_RELATIONSHIP_SUPPORTED
evalplus,HumanEval/150,"{""base"": ""pass"", ""plus"": ""pass""}","{""base"": ""pass"", ""plus"": ""pass""}",False,"{""base"": ""CONFORMS"", ""plus"": ""CONFORMS""}","{""base"": ""CONFORMS"", ""plus"": ""CONFORMS""}",CAPTURED_RELATIONSHIP_SUPPORTED
evalplus,HumanEval/151,"{""base"": ""pass"", ""plus"": ""pass""}","{""base"": ""pass"", ""plus"": ""pass""}",False,"{""base"": ""CONFORMS"", ""plus"": ""CONFORMS""}","{""base"": ""CONFORMS"", ""plus"": ""CONFORMS""}",CAPTURED_RELATIONSHIP_SUPPORTED
evalplus,HumanEval/152,"{""base"": ""pass"", ""plus"": ""pass""}","{""base"": ""pass"", ""plus"": ""pass""}",False,"{""base"": ""CONFORMS"", ""plus"": ""CONFORMS""}","{""base"": ""CONFORMS"", ""plus"": ""CONFORMS""}",CAPTURED_RELATIONSHIP_SUPPORTED
evalplus,HumanEval/153,"{""base"": ""pass"", ""plus"": ""pass""}","{""base"": ""pass"", ""plus"": ""pass""}",False,"{""base"": ""CONFORMS"", ""plus"": ""CONFORMS""}","{""base"": ""CONFORMS"", ""plus"": ""CONFORMS""}",CAPTURED_RELATIONSHIP_SUPPORTED
evalplus,HumanEval/154,"{""base"": ""pass"", ""plus"": ""fail""}","{""base"": ""pass"", ""plus"": ""fail""}",False,"{""base"": ""CONFORMS"", ""plus"": ""CONFORMS""}","{""base"": ""CONFORMS"", ""plus"": ""CONFORMS""}",CAPTURED_RELATIONSHIP_SUPPORTED
evalplus,HumanEval/155,"{""base"": ""pass"", ""plus"": ""pass""}","{""base"": ""pass"", ""plus"": ""pass""}",False,"{""base"": ""CONFORMS"", ""plus"": ""CONFORMS""}","{""base"": ""CONFORMS"", ""plus"": ""CONFORMS""}",CAPTURED_RELATIONSHIP_SUPPORTED
evalplus,HumanEval/156,"{""base"": ""pass"", ""plus"": ""pass""}","{""base"": ""pass"", ""plus"": ""pass""}",False,"{""base"": ""CONFORMS"", ""plus"": ""CONFORMS""}","{""base"": ""CONFORMS"", ""plus"": ""CONFORMS""}",CAPTURED_RELATIONSHIP_SUPPORTED
evalplus,HumanEval/157,"{""base"": ""pass"", ""plus"": ""pass""}","{""base"": ""pass"", ""plus"": ""pass""}",False,"{""base"": ""CONFORMS"", ""plus"": ""CONFORMS""}","{""base"": ""CONFORMS"", ""plus"": ""CONFORMS""}",CAPTURED_RELATIONSHIP_SUPPORTED
evalplus,HumanEval/158,"{""base"": ""pass"", ""plus"": ""pass""}","{""base"": ""pass"", ""plus"": ""pass""}",False,"{""base"": ""CONFORMS"", ""plus"": ""CONFORMS""}","{""base"": ""CONFORMS"", ""plus"": ""CONFORMS""}",CAPTURED_RELATIONSHIP_SUPPORTED
evalplus,HumanEval/159,"{""base"": ""pass"", ""plus"": ""pass""}","{""base"": ""pass"", ""plus"": ""pass""}",False,"{""base"": ""CONFORMS"", ""plus"": ""CONFORMS""}","{""base"": ""CONFORMS"", ""plus"": ""CONFORMS""}",CAPTURED_RELATIONSHIP_SUPPORTED
evalplus,HumanEval/160,"{""base"": ""pass"", ""plus"": ""pass""}","{""base"": ""pass"", ""plus"": ""pass""}",False,"{""base"": ""CONFORMS"", ""plus"": ""CONFORMS""}","{""base"": ""CONFORMS"", ""plus"": ""CONFORMS""}",CAPTURED_RELATIONSHIP_SUPPORTED
evalplus,HumanEval/161,"{""base"": ""pass"", ""plus"": ""pass""}","{""base"": ""pass"", ""plus"": ""pass""}",False,"{""base"": ""CONFORMS"", ""plus"": ""CONFORMS""}","{""base"": ""CONFORMS"", ""plus"": ""CONFORMS""}",CAPTURED_RELATIONSHIP_SUPPORTED
evalplus,HumanEval/162,"{""base"": ""pass"", ""plus"": ""pass""}","{""base"": ""pass"", ""plus"": ""pass""}",False,"{""base"": ""CONFORMS"", ""plus"": ""CONFORMS""}","{""base"": ""CONFORMS"", ""plus"": ""CONFORMS""}",CAPTURED_RELATIONSHIP_SUPPORTED
evalplus,HumanEval/163,"{""base"": ""fail"", ""plus"": ""fail""}","{""base"": ""fail"", ""plus"": ""fail""}",False,"{""base"": ""CONFORMS"", ""plus"": ""CONFORMS""}","{""base"": ""CONFORMS"", ""plus"": ""CONFORMS""}",CAPTURED_RELATIONSHIP_SUPPORTED
swe,20231010_rag_claude2|pallets__flask-4045,"{""found"": false, ""report"": {""FAIL_TO_FAIL"": {""failure"": [], ""success"": []}, ""FAIL_TO_PASS"": {""failure"": [""tests/test_blueprints.py::test_dotted_name_not_allowed"", ""tests/test_blueprints.py::test_route_decorator_custom_endpoint_with_dots""], ""success"": []}, ""PASS_TO_FAIL"": {""failure"": [], ""success"": []}, ""PASS_TO_PASS"": {""failure"": [""tests/test_basic.py::test_method_route_no_methods"", ""tests/test_basic.py::test_disallow_string_for_allowed_methods"", ""tests/test_basic.py::test_error_handler_unknown_code"", ""tests/test_basic.py::test_request_locals"", ""tests/test_basic.py::test_exception_propagation"", ""tests/test_basic.py::test_werkzeug_passthrough_errors[None-True-True-True]"", ""tests/test_basic.py::test_werkzeug_passthrough_errors[None-True-True-False]"", ""tests/test_basic.py::test_werkzeug_passthrough_errors[None-True-False-True]"", ""tests/test_basic.py::test_werkzeug_passthrough_errors[None-True-False-False]"", ""tests/test_basic.py::test_werkzeug_passthrough_errors[None-False-True-True]"", ""tests/test_basic.py::test_werkzeug_passthrough_errors[None-False-True-False]"", ""tests/test_basic.py::test_werkzeug_passthrough_errors[None-False-False-True]"", ""tests/test_basic.py::test_werkzeug_passthrough_errors[None-False-False-False]"", ""tests/test_basic.py::test_werkzeug_passthrough_errors[True-True-True-True]"", ""tests/test_basic.py::test_werkzeug_passthrough_errors[True-True-True-False]"", ""tests/test_basic.py::test_werkzeug_passthrough_errors[True-True-False-True]"", ""tests/test_basic.py::test_werkzeug_passthrough_errors[True-True-False-False]"", ""tests/test_basic.py::test_werkzeug_passthrough_errors[True-False-True-True]"", ""tests/test_basic.py::test_werkzeug_passthrough_errors[True-False-True-False]"", ""tests/test_basic.py::test_werkzeug_passthrough_errors[True-False-False-True]"", ""tests/test_basic.py::test_werkzeug_passthrough_errors[True-False-False-False]"", ""tests/test_basic.py::test_werkzeug_passthrough_errors[False-True-True-True]"", ""tests/test_basic.py::test_werkzeug_passthrough_errors[False-True-True-False]"", ""tests/test_basic.py::test_werkzeug_passthrough_errors[False-True-False-True]"", ""tests/test_basic.py::test_werkzeug_passthrough_errors[False-True-False-False]"", ""tests/test_basic.py::test_werkzeug_passthrough_errors[False-False-True-True]"", ""tests/test_basic.py::test_werkzeug_passthrough_errors[False-False-True-False]"", ""tests/test_basic.py::test_werkzeug_passthrough_errors[False-False-False-True]"", ""tests/test_basic.py::test_werkzeug_passthrough_errors[False-False-False-False]"", ""tests/test_basic.py::test_get_method_on_g"", ""tests/test_basic.py::test_g_iteration_protocol"", ""tests/test_basic.py::test_run_defaults"", ""tests/test_basic.py::test_run_server_port"", ""tests/test_basic.py::test_run_from_config[None-None-pocoo.org:8080-pocoo.org-8080]"", ""tests/test_basic.py::test_run_from_config[localhost-None-pocoo.org:8080-localhost-8080]"", ""tests/test_basic.py::test_run_from_config[None-80-pocoo.org:8080-pocoo.org-80]"", ""tests/test_basic.py::test_run_from_config[localhost-80-pocoo.org:8080-localhost-80]"", ""tests/test_basic.py::test_run_from_config[localhost-0-localhost:8080-localhost-0]"", ""tests/test_basic.py::test_run_from_config[None-None-localhost:8080-localhost-8080]"", ""tests/test_basic.py::test_run_from_config[None-None-localhost:0-localhost-0]"", ""tests/test_basic.py::test_app_freed_on_zero_refcount"", ""tests/test_blueprints.py::test_template_filter"", ""tests/test_blueprints.py::test_add_template_filter"", ""tests/test_blueprints.py::test_template_filter_with_name"", ""tests/test_blueprints.py::test_add_template_filter_with_name"", ""tests/test_blueprints.py::test_template_test"", ""tests/test_blueprints.py::test_add_template_test"", ""tests/test_blueprints.py::test_template_test_with_name"", ""tests/test_blueprints.py::test_add_template_test_with_name"", ""tests/test_blueprints.py::test_template_global""], ""success"": []}}, ""resolution"": ""RESOLVED_NO"", ""selected"": {}}","{""found"": false, ""report"": {""FAIL_TO_FAIL"": {""failure"": [], ""success"": []}, ""FAIL_TO_PASS"": {""failure"": [""tests/test_blueprints.py::test_dotted_name_not_allowed"", ""tests/test_blueprints.py::test_route_decorator_custom_endpoint_with_dots""], ""success"": []}, ""PASS_TO_FAIL"": {""failure"": [], ""success"": []}, ""PASS_TO_PASS"": {""failure"": [""tests/test_basic.py::test_method_route_no_methods"", ""tests/test_basic.py::test_disallow_string_for_allowed_methods"", ""tests/test_basic.py::test_error_handler_unknown_code"", ""tests/test_basic.py::test_request_locals"", ""tests/test_basic.py::test_exception_propagation"", ""tests/test_basic.py::test_werkzeug_passthrough_errors[None-True-True-True]"", ""tests/test_basic.py::test_werkzeug_passthrough_errors[None-True-True-False]"", ""tests/test_basic.py::test_werkzeug_passthrough_errors[None-True-False-True]"", ""tests/test_basic.py::test_werkzeug_passthrough_errors[None-True-False-False]"", ""tests/test_basic.py::test_werkzeug_passthrough_errors[None-False-True-True]"", ""tests/test_basic.py::test_werkzeug_passthrough_errors[None-False-True-False]"", ""tests/test_basic.py::test_werkzeug_passthrough_errors[None-False-False-True]"", ""tests/test_basic.py::test_werkzeug_passthrough_errors[None-False-False-False]"", ""tests/test_basic.py::test_werkzeug_passthrough_errors[True-True-True-True]"", ""tests/test_basic.py::test_werkzeug_passthrough_errors[True-True-True-False]"", ""tests/test_basic.py::test_werkzeug_passthrough_errors[True-True-False-True]"", ""tests/test_basic.py::test_werkzeug_passthrough_errors[True-True-False-False]"", ""tests/test_basic.py::test_werkzeug_passthrough_errors[True-False-True-True]"", ""tests/test_basic.py::test_werkzeug_passthrough_errors[True-False-True-False]"", ""tests/test_basic.py::test_werkzeug_passthrough_errors[True-False-False-True]"", ""tests/test_basic.py::test_werkzeug_passthrough_errors[True-False-False-False]"", ""tests/test_basic.py::test_werkzeug_passthrough_errors[False-True-True-True]"", ""tests/test_basic.py::test_werkzeug_passthrough_errors[False-True-True-False]"", ""tests/test_basic.py::test_werkzeug_passthrough_errors[False-True-False-True]"", ""tests/test_basic.py::test_werkzeug_passthrough_errors[False-True-False-False]"", ""tests/test_basic.py::test_werkzeug_passthrough_errors[False-False-True-True]"", ""tests/test_basic.py::test_werkzeug_passthrough_errors[False-False-True-False]"", ""tests/test_basic.py::test_werkzeug_passthrough_errors[False-False-False-True]"", ""tests/test_basic.py::test_werkzeug_passthrough_errors[False-False-False-False]"", ""tests/test_basic.py::test_get_method_on_g"", ""tests/test_basic.py::test_g_iteration_protocol"", ""tests/test_basic.py::test_run_defaults"", ""tests/test_basic.py::test_run_server_port"", ""tests/test_basic.py::test_run_from_config[None-None-pocoo.org:8080-pocoo.org-8080]"", ""tests/test_basic.py::test_run_from_config[localhost-None-pocoo.org:8080-localhost-8080]"", ""tests/test_basic.py::test_run_from_config[None-80-pocoo.org:8080-pocoo.org-80]"", ""tests/test_basic.py::test_run_from_config[localhost-80-pocoo.org:8080-localhost-80]"", ""tests/test_basic.py::test_run_from_config[localhost-0-localhost:8080-localhost-0]"", ""tests/test_basic.py::test_run_from_config[None-None-localhost:8080-localhost-8080]"", ""tests/test_basic.py::test_run_from_config[None-None-localhost:0-localhost-0]"", ""tests/test_basic.py::test_app_freed_on_zero_refcount"", ""tests/test_blueprints.py::test_template_filter"", ""tests/test_blueprints.py::test_add_template_filter"", ""tests/test_blueprints.py::test_template_filter_with_name"", ""tests/test_blueprints.py::test_add_template_filter_with_name"", ""tests/test_blueprints.py::test_template_test"", ""tests/test_blueprints.py::test_add_template_test"", ""tests/test_blueprints.py::test_template_test_with_name"", ""tests/test_blueprints.py::test_add_template_test_with_name"", ""tests/test_blueprints.py::test_template_global""], ""success"": []}}, ""resolution"": ""RESOLVED_NO"", ""selected"": {}}",False,INCONCLUSIVE,INCONCLUSIVE,ARCHIVE_INCOMPATIBLE_WITH_REQUIRED_NATIVE_MARKERS
swe,20231010_rag_claude2|sympy__sympy-18835,"{""found"": false, ""report"": {""FAIL_TO_FAIL"": {""failure"": [], ""success"": []}, ""FAIL_TO_PASS"": {""failure"": [""test_uniq""], ""success"": []}, ""PASS_TO_FAIL"": {""failure"": [], ""success"": []}, ""PASS_TO_PASS"": {""failure"": [""test_is_palindromic"", ""test_postorder_traversal"", ""test_flatten"", ""test_iproduct"", ""test_group"", ""test_subsets"", ""test_variations"", ""test_cartes"", ""test_filter_symbols"", ""test_numbered_symbols"", ""test_sift"", ""test_take"", ""test_dict_merge"", ""test_prefixes"", ""test_postfixes"", ""test_topological_sort"", ""test_strongly_connected_components"", ""test_connected_components"", ""test_rotate"", ""test_multiset_partitions"", ""test_multiset_combinations"", ""test_multiset_permutations"", ""test_partitions"", ""test_binary_partitions"", ""test_bell_perm"", ""test_involutions"", ""test_derangements"", ""test_necklaces"", ""test_bracelets"", ""test_generate_oriented_forest"", ""test_unflatten"", ""test_common_prefix_suffix"", ""test_minlex"", ""test_ordered"", ""test_runs"", ""test_reshape"", ""test_kbins"", ""test_has_dups"", ""test__partition"", ""test_ordered_partitions"", ""test_rotations""], ""success"": []}}, ""resolution"": ""RESOLVED_NO"", ""selected"": {}}","{""found"": false, ""report"": {""FAIL_TO_FAIL"": {""failure"": [], ""success"": []}, ""FAIL_TO_PASS"": {""failure"": [""test_uniq""], ""success"": []}, ""PASS_TO_FAIL"": {""failure"": [], ""success"": []}, ""PASS_TO_PASS"": {""failure"": [""test_is_palindromic"", ""test_postorder_traversal"", ""test_flatten"", ""test_iproduct"", ""test_group"", ""test_subsets"", ""test_variations"", ""test_cartes"", ""test_filter_symbols"", ""test_numbered_symbols"", ""test_sift"", ""test_take"", ""test_dict_merge"", ""test_prefixes"", ""test_postfixes"", ""test_topological_sort"", ""test_strongly_connected_components"", ""test_connected_components"", ""test_rotate"", ""test_multiset_partitions"", ""test_multiset_combinations"", ""test_multiset_permutations"", ""test_partitions"", ""test_binary_partitions"", ""test_bell_perm"", ""test_involutions"", ""test_derangements"", ""test_necklaces"", ""test_bracelets"", ""test_generate_oriented_forest"", ""test_unflatten"", ""test_common_prefix_suffix"", ""test_minlex"", ""test_ordered"", ""test_runs"", ""test_reshape"", ""test_kbins"", ""test_has_dups"", ""test__partition"", ""test_ordered_partitions"", ""test_rotations""], ""success"": []}}, ""resolution"": ""RESOLVED_NO"", ""selected"": {}}",False,INCONCLUSIVE,INCONCLUSIVE,ARCHIVE_INCOMPATIBLE_WITH_REQUIRED_NATIVE_MARKERS
swe,20231010_rag_claude2|sympy__sympy-12454,"{""found"": false, ""report"": {""FAIL_TO_FAIL"": {""failure"": [], ""success"": []}, ""FAIL_TO_PASS"": {""failure"": [""test_is_upper"", ""test_hessenberg""], ""success"": []}, ""PASS_TO_FAIL"": {""failure"": [], ""success"": []}, ""PASS_TO_PASS"": {""failure"": [""test_args"", ""test_division"", ""test_sum"", ""test_addition"", ""test_fancy_index_matrix"", ""test_multiplication"", ""test_power"", ""test_creation"", ""test_tolist"", ""test_as_mutable"", ""test_determinant"", ""test_det_LU_decomposition"", ""test_berkowitz_minors"", ""test_slicing"", ""test_submatrix_assignment"", ""test_extract"", ""test_reshape"", ""test_applyfunc"", ""test_expand"", ""test_random"", ""test_LUdecomp"", ""test_LUsolve"", ""test_QRsolve"", ""test_inverse"", ""test_matrix_inverse_mod"", ""test_util"", ""test_jacobian_hessian"", ""test_QR"", ""test_QR_non_square"", ""test_nullspace"", ""test_columnspace"", ""test_wronskian"", ""test_subs"", ""test_xreplace"", ""test_transpose"", ""test_conjugate"", ""test_conj_dirac"", ""test_trace"", ""test_shape"", ""test_col_row_op"", ""test_zip_row_op"", ""test_issue_3950"", ""test_issue_3981"", ""test_evalf"", ""test_is_symbolic"", ""test_is_lower"", ""test_is_nilpotent"", ""test_zeros_ones_fill"", ""test_empty_zeros"", ""test_inv_iszerofunc"", ""test_jacobian_metrics"", ""test_jacobian2"", ""test_issue_4564"", ""test_nonvectorJacobian"", ""test_vec"", ""test_vech"", ""test_vech_errors"", ""test_diag"", ""test_get_diag_blocks1"", ""test_get_diag_blocks2"", ""test_inv_block"", ""test_creation_args"", ""test_diagonal_symmetrical"", ""test_diagonalization"", ""test_jordan_form"", ""test_jordan_form_complex_issue_9274"", ""test_issue_10220"", ""test_Matrix_berkowitz_charpoly"", ""test_exp"", ""test_has"", ""test_errors"", ""test_len"", ""test_integrate"", ""test_diff"", ""test_getattr"", ""test_cholesky"", ""test_LDLdecomposition"", ""test_cholesky_solve"", ""test_LDLsolve"", ""test_lower_triangular_solve"", ""test_upper_triangular_solve"", ""test_diagonal_solve"", ""test_singular_values"", ""test_condition_number"", ""test_equality"", ""test_col_join"", ""test_row_insert"", ""test_col_insert"", ""test_normalized"", ""test_print_nonzero"", ""test_zeros_eye"", ""test_is_zero"", ""test_rotation_matrices"", ""test_DeferredVector"", ""test_DeferredVector_not_iterable"", ""test_DeferredVector_Matrix"", ""test_GramSchmidt"", ""test_casoratian"", ""test_zero_dimension_multiply"", ""test_slice_issue_2884"", ""test_slice_issue_3401"", ""test_copyin"", ""test_invertible_check"", ""test_issue_5964"", ""test_issue_7604"", ""test_is_Identity"", ""test_dot"", ""test_dual"", ""test_anti_symmetric"", ""test_issue_5321"", ""test_issue_5320"", ""test_issue_11944"", ""test_cross"", ""test_hash"", ""test_adjoint"", ""test_simplify_immutable"", ""test_rank"", ""test_issue_11434"", ""test_rank_regression_from_so"", ""test_replace"", ""test_replace_map"", ""test_atoms"", ""test_pinv_solve"", ""test_gauss_jordan_solve"", ""test_issue_7201"", ""test_free_symbols"", ""test_hermitian"", ""test_doit"", ""test_issue_9457_9467_9876"", ""test_issue_9422"", ""test_issue_10770"", ""test_issue_10658"", ""test_partial_pivoting"", ""test_iszero_substitution""], ""success"": []}}, ""resolution"": ""RESOLVED_NO"", ""selected"": {}}","{""found"": false, ""report"": {""FAIL_TO_FAIL"": {""failure"": [], ""success"": []}, ""FAIL_TO_PASS"": {""failure"": [""test_is_upper"", ""test_hessenberg""], ""success"": []}, ""PASS_TO_FAIL"": {""failure"": [], ""success"": []}, ""PASS_TO_PASS"": {""failure"": [""test_args"", ""test_division"", ""test_sum"", ""test_addition"", ""test_fancy_index_matrix"", ""test_multiplication"", ""test_power"", ""test_creation"", ""test_tolist"", ""test_as_mutable"", ""test_determinant"", ""test_det_LU_decomposition"", ""test_berkowitz_minors"", ""test_slicing"", ""test_submatrix_assignment"", ""test_extract"", ""test_reshape"", ""test_applyfunc"", ""test_expand"", ""test_random"", ""test_LUdecomp"", ""test_LUsolve"", ""test_QRsolve"", ""test_inverse"", ""test_matrix_inverse_mod"", ""test_util"", ""test_jacobian_hessian"", ""test_QR"", ""test_QR_non_square"", ""test_nullspace"", ""test_columnspace"", ""test_wronskian"", ""test_subs"", ""test_xreplace"", ""test_transpose"", ""test_conjugate"", ""test_conj_dirac"", ""test_trace"", ""test_shape"", ""test_col_row_op"", ""test_zip_row_op"", ""test_issue_3950"", ""test_issue_3981"", ""test_evalf"", ""test_is_symbolic"", ""test_is_lower"", ""test_is_nilpotent"", ""test_zeros_ones_fill"", ""test_empty_zeros"", ""test_inv_iszerofunc"", ""test_jacobian_metrics"", ""test_jacobian2"", ""test_issue_4564"", ""test_nonvectorJacobian"", ""test_vec"", ""test_vech"", ""test_vech_errors"", ""test_diag"", ""test_get_diag_blocks1"", ""test_get_diag_blocks2"", ""test_inv_block"", ""test_creation_args"", ""test_diagonal_symmetrical"", ""test_diagonalization"", ""test_jordan_form"", ""test_jordan_form_complex_issue_9274"", ""test_issue_10220"", ""test_Matrix_berkowitz_charpoly"", ""test_exp"", ""test_has"", ""test_errors"", ""test_len"", ""test_integrate"", ""test_diff"", ""test_getattr"", ""test_cholesky"", ""test_LDLdecomposition"", ""test_cholesky_solve"", ""test_LDLsolve"", ""test_lower_triangular_solve"", ""test_upper_triangular_solve"", ""test_diagonal_solve"", ""test_singular_values"", ""test_condition_number"", ""test_equality"", ""test_col_join"", ""test_row_insert"", ""test_col_insert"", ""test_normalized"", ""test_print_nonzero"", ""test_zeros_eye"", ""test_is_zero"", ""test_rotation_matrices"", ""test_DeferredVector"", ""test_DeferredVector_not_iterable"", ""test_DeferredVector_Matrix"", ""test_GramSchmidt"", ""test_casoratian"", ""test_zero_dimension_multiply"", ""test_slice_issue_2884"", ""test_slice_issue_3401"", ""test_copyin"", ""test_invertible_check"", ""test_issue_5964"", ""test_issue_7604"", ""test_is_Identity"", ""test_dot"", ""test_dual"", ""test_anti_symmetric"", ""test_issue_5321"", ""test_issue_5320"", ""test_issue_11944"", ""test_cross"", ""test_hash"", ""test_adjoint"", ""test_simplify_immutable"", ""test_rank"", ""test_issue_11434"", ""test_rank_regression_from_so"", ""test_replace"", ""test_replace_map"", ""test_atoms"", ""test_pinv_solve"", ""test_gauss_jordan_solve"", ""test_issue_7201"", ""test_free_symbols"", ""test_hermitian"", ""test_doit"", ""test_issue_9457_9467_9876"", ""test_issue_9422"", ""test_issue_10770"", ""test_issue_10658"", ""test_partial_pivoting"", ""test_iszero_substitution""], ""success"": []}}, ""resolution"": ""RESOLVED_NO"", ""selected"": {}}",False,INCONCLUSIVE,INCONCLUSIVE,ARCHIVE_INCOMPATIBLE_WITH_REQUIRED_NATIVE_MARKERS
swe,20231010_rag_claude2|scikit-learn__scikit-learn-12471,"{""found"": false, ""report"": {""FAIL_TO_FAIL"": {""failure"": [], ""success"": []}, ""FAIL_TO_PASS"": {""failure"": [""sklearn/preprocessing/tests/test_encoders.py::test_one_hot_encoder_handle_unknown_strings""], ""success"": []}, ""PASS_TO_FAIL"": {""failure"": [], ""success"": []}, ""PASS_TO_PASS"": {""failure"": [""sklearn/preprocessing/tests/test_encoders.py::test_one_hot_encoder_sparse"", ""sklearn/preprocessing/tests/test_encoders.py::test_one_hot_encoder_dense"", ""sklearn/preprocessing/tests/test_encoders.py::test_one_hot_encoder_deprecationwarnings"", ""sklearn/preprocessing/tests/test_encoders.py::test_one_hot_encoder_force_new_behaviour"", ""sklearn/preprocessing/tests/test_encoders.py::test_one_hot_encoder_categorical_features"", ""sklearn/preprocessing/tests/test_encoders.py::test_one_hot_encoder_handle_unknown"", ""sklearn/preprocessing/tests/test_encoders.py::test_one_hot_encoder_not_fitted"", ""sklearn/preprocessing/tests/test_encoders.py::test_one_hot_encoder_no_categorical_features"", ""sklearn/preprocessing/tests/test_encoders.py::test_one_hot_encoder_dtype[int32-int32]"", ""sklearn/preprocessing/tests/test_encoders.py::test_one_hot_encoder_dtype[int32-float32]"", ""sklearn/preprocessing/tests/test_encoders.py::test_one_hot_encoder_dtype[int32-float64]"", ""sklearn/preprocessing/tests/test_encoders.py::test_one_hot_encoder_dtype[float32-int32]"", ""sklearn/preprocessing/tests/test_encoders.py::test_one_hot_encoder_dtype[float32-float32]"", ""sklearn/preprocessing/tests/test_encoders.py::test_one_hot_encoder_dtype[float32-float64]"", ""sklearn/preprocessing/tests/test_encoders.py::test_one_hot_encoder_dtype[float64-int32]"", ""sklearn/preprocessing/tests/test_encoders.py::test_one_hot_encoder_dtype[float64-float32]"", ""sklearn/preprocessing/tests/test_encoders.py::test_one_hot_encoder_dtype[float64-float64]"", ""sklearn/preprocessing/tests/test_encoders.py::test_one_hot_encoder_dtype_pandas[int32]"", ""sklearn/preprocessing/tests/test_encoders.py::test_one_hot_encoder_dtype_pandas[float32]"", ""sklearn/preprocessing/tests/test_encoders.py::test_one_hot_encoder_dtype_pandas[float64]"", ""sklearn/preprocessing/tests/test_encoders.py::test_one_hot_encoder_set_params"", ""sklearn/preprocessing/tests/test_encoders.py::test_one_hot_encoder[mixed]"", ""sklearn/preprocessing/tests/test_encoders.py::test_one_hot_encoder[numeric]"", ""sklearn/preprocessing/tests/test_encoders.py::test_one_hot_encoder[object]"", ""sklearn/preprocessing/tests/test_encoders.py::test_one_hot_encoder_inverse"", ""sklearn/preprocessing/tests/test_encoders.py::test_one_hot_encoder_categories[mixed]"", ""sklearn/preprocessing/tests/test_encoders.py::test_one_hot_encoder_categories[numeric]"", ""sklearn/preprocessing/tests/test_encoders.py::test_one_hot_encoder_categories[object]"", ""sklearn/preprocessing/tests/test_encoders.py::test_one_hot_encoder_categories[string]"", ""sklearn/preprocessing/tests/test_encoders.py::test_one_hot_encoder_specified_categories[object]"", ""sklearn/preprocessing/tests/test_encoders.py::test_one_hot_encoder_specified_categories[numeric]"", ""sklearn/preprocessing/tests/test_encoders.py::test_one_hot_encoder_specified_categories[object-string-cat]"", ""sklearn/preprocessing/tests/test_encoders.py::test_one_hot_encoder_unsorted_categories"", ""sklearn/preprocessing/tests/test_encoders.py::test_one_hot_encoder_specified_categories_mixed_columns"", ""sklearn/preprocessing/tests/test_encoders.py::test_one_hot_encoder_pandas"", ""sklearn/preprocessing/tests/test_encoders.py::test_one_hot_encoder_feature_names"", ""sklearn/preprocessing/tests/test_encoders.py::test_one_hot_encoder_feature_names_unicode"", ""sklearn/preprocessing/tests/test_encoders.py::test_one_hot_encoder_raise_missing[error-numeric]"", ""sklearn/preprocessing/tests/test_encoders.py::test_one_hot_encoder_raise_missing[error-object]"", ""sklearn/preprocessing/tests/test_encoders.py::test_one_hot_encoder_raise_missing[ignore-numeric]"", ""sklearn/preprocessing/tests/test_encoders.py::test_one_hot_encoder_raise_missing[ignore-object]"", ""sklearn/preprocessing/tests/test_encoders.py::test_ordinal_encoder[mixed]"", ""sklearn/preprocessing/tests/test_encoders.py::test_ordinal_encoder[numeric]"", ""sklearn/preprocessing/tests/test_encoders.py::test_ordinal_encoder[object]"", ""sklearn/preprocessing/tests/test_encoders.py::test_ordinal_encoder_specified_categories[object]"", ""sklearn/preprocessing/tests/test_encoders.py::test_ordinal_encoder_specified_categories[numeric]"", ""sklearn/preprocessing/tests/test_encoders.py::test_ordinal_encoder_specified_categories[object-string-cat]"", ""sklearn/preprocessing/tests/test_encoders.py::test_ordinal_encoder_inverse"", ""sklearn/preprocessing/tests/test_encoders.py::test_ordinal_encoder_raise_missing[numeric]"", ""sklearn/preprocessing/tests/test_encoders.py::test_ordinal_encoder_raise_missing[object]"", ""sklearn/preprocessing/tests/test_encoders.py::test_encoder_dtypes"", ""sklearn/preprocessing/tests/test_encoders.py::test_encoder_dtypes_pandas"", ""sklearn/preprocessing/tests/test_encoders.py::test_one_hot_encoder_warning""], ""success"": []}}, ""resolution"": ""RESOLVED_NO"", ""selected"": {}}","{""found"": false, ""report"": {""FAIL_TO_FAIL"": {""failure"": [], ""success"": []}, ""FAIL_TO_PASS"": {""failure"": [""sklearn/preprocessing/tests/test_encoders.py::test_one_hot_encoder_handle_unknown_strings""], ""success"": []}, ""PASS_TO_FAIL"": {""failure"": [], ""success"": []}, ""PASS_TO_PASS"": {""failure"": [""sklearn/preprocessing/tests/test_encoders.py::test_one_hot_encoder_sparse"", ""sklearn/preprocessing/tests/test_encoders.py::test_one_hot_encoder_dense"", ""sklearn/preprocessing/tests/test_encoders.py::test_one_hot_encoder_deprecationwarnings"", ""sklearn/preprocessing/tests/test_encoders.py::test_one_hot_encoder_force_new_behaviour"", ""sklearn/preprocessing/tests/test_encoders.py::test_one_hot_encoder_categorical_features"", ""sklearn/preprocessing/tests/test_encoders.py::test_one_hot_encoder_handle_unknown"", ""sklearn/preprocessing/tests/test_encoders.py::test_one_hot_encoder_not_fitted"", ""sklearn/preprocessing/tests/test_encoders.py::test_one_hot_encoder_no_categorical_features"", ""sklearn/preprocessing/tests/test_encoders.py::test_one_hot_encoder_dtype[int32-int32]"", ""sklearn/preprocessing/tests/test_encoders.py::test_one_hot_encoder_dtype[int32-float32]"", ""sklearn/preprocessing/tests/test_encoders.py::test_one_hot_encoder_dtype[int32-float64]"", ""sklearn/preprocessing/tests/test_encoders.py::test_one_hot_encoder_dtype[float32-int32]"", ""sklearn/preprocessing/tests/test_encoders.py::test_one_hot_encoder_dtype[float32-float32]"", ""sklearn/preprocessing/tests/test_encoders.py::test_one_hot_encoder_dtype[float32-float64]"", ""sklearn/preprocessing/tests/test_encoders.py::test_one_hot_encoder_dtype[float64-int32]"", ""sklearn/preprocessing/tests/test_encoders.py::test_one_hot_encoder_dtype[float64-float32]"", ""sklearn/preprocessing/tests/test_encoders.py::test_one_hot_encoder_dtype[float64-float64]"", ""sklearn/preprocessing/tests/test_encoders.py::test_one_hot_encoder_dtype_pandas[int32]"", ""sklearn/preprocessing/tests/test_encoders.py::test_one_hot_encoder_dtype_pandas[float32]"", ""sklearn/preprocessing/tests/test_encoders.py::test_one_hot_encoder_dtype_pandas[float64]"", ""sklearn/preprocessing/tests/test_encoders.py::test_one_hot_encoder_set_params"", ""sklearn/preprocessing/tests/test_encoders.py::test_one_hot_encoder[mixed]"", ""sklearn/preprocessing/tests/test_encoders.py::test_one_hot_encoder[numeric]"", ""sklearn/preprocessing/tests/test_encoders.py::test_one_hot_encoder[object]"", ""sklearn/preprocessing/tests/test_encoders.py::test_one_hot_encoder_inverse"", ""sklearn/preprocessing/tests/test_encoders.py::test_one_hot_encoder_categories[mixed]"", ""sklearn/preprocessing/tests/test_encoders.py::test_one_hot_encoder_categories[numeric]"", ""sklearn/preprocessing/tests/test_encoders.py::test_one_hot_encoder_categories[object]"", ""sklearn/preprocessing/tests/test_encoders.py::test_one_hot_encoder_categories[string]"", ""sklearn/preprocessing/tests/test_encoders.py::test_one_hot_encoder_specified_categories[object]"", ""sklearn/preprocessing/tests/test_encoders.py::test_one_hot_encoder_specified_categories[numeric]"", ""sklearn/preprocessing/tests/test_encoders.py::test_one_hot_encoder_specified_categories[object-string-cat]"", ""sklearn/preprocessing/tests/test_encoders.py::test_one_hot_encoder_unsorted_categories"", ""sklearn/preprocessing/tests/test_encoders.py::test_one_hot_encoder_specified_categories_mixed_columns"", ""sklearn/preprocessing/tests/test_encoders.py::test_one_hot_encoder_pandas"", ""sklearn/preprocessing/tests/test_encoders.py::test_one_hot_encoder_feature_names"", ""sklearn/preprocessing/tests/test_encoders.py::test_one_hot_encoder_feature_names_unicode"", ""sklearn/preprocessing/tests/test_encoders.py::test_one_hot_encoder_raise_missing[error-numeric]"", ""sklearn/preprocessing/tests/test_encoders.py::test_one_hot_encoder_raise_missing[error-object]"", ""sklearn/preprocessing/tests/test_encoders.py::test_one_hot_encoder_raise_missing[ignore-numeric]"", ""sklearn/preprocessing/tests/test_encoders.py::test_one_hot_encoder_raise_missing[ignore-object]"", ""sklearn/preprocessing/tests/test_encoders.py::test_ordinal_encoder[mixed]"", ""sklearn/preprocessing/tests/test_encoders.py::test_ordinal_encoder[numeric]"", ""sklearn/preprocessing/tests/test_encoders.py::test_ordinal_encoder[object]"", ""sklearn/preprocessing/tests/test_encoders.py::test_ordinal_encoder_specified_categories[object]"", ""sklearn/preprocessing/tests/test_encoders.py::test_ordinal_encoder_specified_categories[numeric]"", ""sklearn/preprocessing/tests/test_encoders.py::test_ordinal_encoder_specified_categories[object-string-cat]"", ""sklearn/preprocessing/tests/test_encoders.py::test_ordinal_encoder_inverse"", ""sklearn/preprocessing/tests/test_encoders.py::test_ordinal_encoder_raise_missing[numeric]"", ""sklearn/preprocessing/tests/test_encoders.py::test_ordinal_encoder_raise_missing[object]"", ""sklearn/preprocessing/tests/test_encoders.py::test_encoder_dtypes"", ""sklearn/preprocessing/tests/test_encoders.py::test_encoder_dtypes_pandas"", ""sklearn/preprocessing/tests/test_encoders.py::test_one_hot_encoder_warning""], ""success"": []}}, ""resolution"": ""RESOLVED_NO"", ""selected"": {}}",False,INCONCLUSIVE,INCONCLUSIVE,ARCHIVE_INCOMPATIBLE_WITH_REQUIRED_NATIVE_MARKERS
swe,20231010_rag_claude2|pytest-dev__pytest-5413,"{""found"": false, ""report"": {""FAIL_TO_FAIL"": {""failure"": [], ""success"": []}, ""FAIL_TO_PASS"": {""failure"": [""testing/code/test_excinfo.py::test_excinfo_repr_str""], ""success"": []}, ""PASS_TO_FAIL"": {""failure"": [], ""success"": []}, ""PASS_TO_PASS"": {""failure"": [""testing/code/test_excinfo.py::test_excinfo_simple"", ""testing/code/test_excinfo.py::test_excinfo_getstatement"", ""testing/code/test_excinfo.py::TestTraceback_f_g_h::test_traceback_entries"", ""testing/code/test_excinfo.py::TestTraceback_f_g_h::test_traceback_entry_getsource"", ""testing/code/test_excinfo.py::TestTraceback_f_g_h::test_traceback_entry_getsource_in_construct"", ""testing/code/test_excinfo.py::TestTraceback_f_g_h::test_traceback_cut"", ""testing/code/test_excinfo.py::TestTraceback_f_g_h::test_traceback_filter"", ""testing/code/test_excinfo.py::TestTraceback_f_g_h::test_traceback_filter_selective[<lambda>-True]"", ""testing/code/test_excinfo.py::TestTraceback_f_g_h::test_traceback_filter_selective[<lambda>-False]"", ""testing/code/test_excinfo.py::TestTraceback_f_g_h::test_traceback_filter_selective[tracebackhide2-True]"", ""testing/code/test_excinfo.py::TestTraceback_f_g_h::test_traceback_filter_selective[tracebackhide3-False]"", ""testing/code/test_excinfo.py::TestTraceback_f_g_h::test_traceback_recursion_index"", ""testing/code/test_excinfo.py::TestTraceback_f_g_h::test_traceback_only_specific_recursion_errors"", ""testing/code/test_excinfo.py::TestTraceback_f_g_h::test_traceback_no_recursion_index"", ""testing/code/test_excinfo.py::TestTraceback_f_g_h::test_traceback_getcrashentry"", ""testing/code/test_excinfo.py::TestTraceback_f_g_h::test_traceback_getcrashentry_empty"", ""testing/code/test_excinfo.py::test_excinfo_exconly"", ""testing/code/test_excinfo.py::test_excinfo_for_later"", ""testing/code/test_excinfo.py::test_excinfo_errisinstance"", ""testing/code/test_excinfo.py::test_excinfo_no_sourcecode"", ""testing/code/test_excinfo.py::test_entrysource_Queue_example"", ""testing/code/test_excinfo.py::test_codepath_Queue_example"", ""testing/code/test_excinfo.py::test_match_succeeds"", ""testing/code/test_excinfo.py::TestFormattedExcinfo::test_repr_source"", ""testing/code/test_excinfo.py::TestFormattedExcinfo::test_repr_source_excinfo"", ""testing/code/test_excinfo.py::TestFormattedExcinfo::test_repr_source_not_existing"", ""testing/code/test_excinfo.py::TestFormattedExcinfo::test_repr_many_line_source_not_existing"", ""testing/code/test_excinfo.py::TestFormattedExcinfo::test_repr_source_failing_fullsource"", ""testing/code/test_excinfo.py::TestFormattedExcinfo::test_repr_local"", ""testing/code/test_excinfo.py::TestFormattedExcinfo::test_repr_local_with_error"", ""testing/code/test_excinfo.py::TestFormattedExcinfo::test_repr_local_with_exception_in_class_property"", ""testing/code/test_excinfo.py::TestFormattedExcinfo::test_repr_local_truncated"", ""testing/code/test_excinfo.py::TestFormattedExcinfo::test_repr_tracebackentry_lines"", ""testing/code/test_excinfo.py::TestFormattedExcinfo::test_repr_tracebackentry_lines2"", ""testing/code/test_excinfo.py::TestFormattedExcinfo::test_repr_tracebackentry_lines_var_kw_args"", ""testing/code/test_excinfo.py::TestFormattedExcinfo::test_repr_tracebackentry_short"", ""testing/code/test_excinfo.py::TestFormattedExcinfo::test_repr_tracebackentry_no"", ""testing/code/test_excinfo.py::TestFormattedExcinfo::test_repr_traceback_tbfilter"", ""testing/code/test_excinfo.py::TestFormattedExcinfo::test_traceback_short_no_source"", ""testing/code/test_excinfo.py::TestFormattedExcinfo::test_repr_traceback_and_excinfo"", ""testing/code/test_excinfo.py::TestFormattedExcinfo::test_repr_traceback_with_invalid_cwd"", ""testing/code/test_excinfo.py::TestFormattedExcinfo::test_repr_excinfo_addouterr"", ""testing/code/test_excinfo.py::TestFormattedExcinfo::test_repr_excinfo_reprcrash"", ""testing/code/test_excinfo.py::TestFormattedExcinfo::test_repr_traceback_recursion"", ""testing/code/test_excinfo.py::TestFormattedExcinfo::test_reprexcinfo_getrepr"", ""testing/code/test_excinfo.py::TestFormattedExcinfo::test_reprexcinfo_unicode"", ""testing/code/test_excinfo.py::TestFormattedExcinfo::test_toterminal_long"", ""testing/code/test_excinfo.py::TestFormattedExcinfo::test_toterminal_long_missing_source"", ""testing/code/test_excinfo.py::TestFormattedExcinfo::test_toterminal_long_incomplete_source"", ""testing/code/test_excinfo.py::TestFormattedExcinfo::test_toterminal_long_filenames"", ""testing/code/test_excinfo.py::TestFormattedExcinfo::test_format_excinfo[reproptions0]"", ""testing/code/test_excinfo.py::TestFormattedExcinfo::test_format_excinfo[reproptions1]"", ""testing/code/test_excinfo.py::TestFormattedExcinfo::test_format_excinfo[reproptions2]"", ""testing/code/test_excinfo.py::TestFormattedExcinfo::test_format_excinfo[reproptions3]"", ""testing/code/test_excinfo.py::TestFormattedExcinfo::test_format_excinfo[reproptions4]"", ""testing/code/test_excinfo.py::TestFormattedExcinfo::test_format_excinfo[reproptions5]"", ""testing/code/test_excinfo.py::TestFormattedExcinfo::test_format_excinfo[reproptions6]"", ""testing/code/test_excinfo.py::TestFormattedExcinfo::test_format_excinfo[reproptions7]"", ""testing/code/test_excinfo.py::TestFormattedExcinfo::test_format_excinfo[reproptions8]"", ""testing/code/test_excinfo.py::TestFormattedExcinfo::test_format_excinfo[reproptions9]"", ""testing/code/test_excinfo.py::TestFormattedExcinfo::test_format_excinfo[reproptions10]"", ""testing/code/test_excinfo.py::TestFormattedExcinfo::test_format_excinfo[reproptions11]"", ""testing/code/test_excinfo.py::TestFormattedExcinfo::test_format_excinfo[reproptions12]"", ""testing/code/test_excinfo.py::TestFormattedExcinfo::test_format_excinfo[reproptions13]"", ""testing/code/test_excinfo.py::TestFormattedExcinfo::test_format_excinfo[reproptions14]"", ""testing/code/test_excinfo.py::TestFormattedExcinfo::test_format_excinfo[reproptions15]"", ""testing/code/test_excinfo.py::TestFormattedExcinfo::test_format_excinfo[reproptions16]"", ""testing/code/test_excinfo.py::TestFormattedExcinfo::test_format_excinfo[reproptions17]"", ""testing/code/test_excinfo.py::TestFormattedExcinfo::test_format_excinfo[reproptions18]"", ""testing/code/test_excinfo.py::TestFormattedExcinfo::test_format_excinfo[reproptions19]"", ""testing/code/test_excinfo.py::TestFormattedExcinfo::test_format_excinfo[reproptions20]"", ""testing/code/test_excinfo.py::TestFormattedExcinfo::test_format_excinfo[reproptions21]"", ""testing/code/test_excinfo.py::TestFormattedExcinfo::test_format_excinfo[reproptions22]"", ""testing/code/test_excinfo.py::TestFormattedExcinfo::test_format_excinfo[reproptions23]"", ""testing/code/test_excinfo.py::TestFormattedExcinfo::test_traceback_repr_style"", ""testing/code/test_excinfo.py::TestFormattedExcinfo::test_exc_chain_repr"", ""testing/code/test_excinfo.py::TestFormattedExcinfo::test_exc_repr_chain_suppression[from_none]"", ""testing/code/test_excinfo.py::TestFormattedExcinfo::test_exc_repr_chain_suppression[explicit_suppress]"", ""testing/code/test_excinfo.py::TestFormattedExcinfo::test_exc_chain_repr_without_traceback[cause-The"", ""testing/code/test_excinfo.py::TestFormattedExcinfo::test_exc_chain_repr_without_traceback[context-During"", ""testing/code/test_excinfo.py::TestFormattedExcinfo::test_exc_chain_repr_cycle"", ""testing/code/test_excinfo.py::test_repr_traceback_with_unicode[None-short]"", ""testing/code/test_excinfo.py::test_repr_traceback_with_unicode[None-long]"", ""testing/code/test_excinfo.py::test_repr_traceback_with_unicode[utf8-short]"", ""testing/code/test_excinfo.py::test_repr_traceback_with_unicode[utf8-long]"", ""testing/code/test_excinfo.py::test_repr_traceback_with_unicode[utf16-short]"", ""testing/code/test_excinfo.py::test_repr_traceback_with_unicode[utf16-long]"", ""testing/code/test_excinfo.py::test_exception_repr_extraction_error_on_recursion"", ""testing/code/test_excinfo.py::test_no_recursion_index_on_recursion_error"", ""testing/code/test_excinfo.py::TestTraceback_f_g_h::test_traceback_cut_excludepath"", ""testing/code/test_excinfo.py::test_match_raises_error"", ""testing/code/test_excinfo.py::test_cwd_deleted""], ""success"": []}}, ""resolution"": ""RESOLVED_NO"", ""selected"": {}}","{""found"": false, ""report"": {""FAIL_TO_FAIL"": {""failure"": [], ""success"": []}, ""FAIL_TO_PASS"": {""failure"": [""testing/code/test_excinfo.py::test_excinfo_repr_str""], ""success"": []}, ""PASS_TO_FAIL"": {""failure"": [], ""success"": []}, ""PASS_TO_PASS"": {""failure"": [""testing/code/test_excinfo.py::test_excinfo_simple"", ""testing/code/test_excinfo.py::test_excinfo_getstatement"", ""testing/code/test_excinfo.py::TestTraceback_f_g_h::test_traceback_entries"", ""testing/code/test_excinfo.py::TestTraceback_f_g_h::test_traceback_entry_getsource"", ""testing/code/test_excinfo.py::TestTraceback_f_g_h::test_traceback_entry_getsource_in_construct"", ""testing/code/test_excinfo.py::TestTraceback_f_g_h::test_traceback_cut"", ""testing/code/test_excinfo.py::TestTraceback_f_g_h::test_traceback_filter"", ""testing/code/test_excinfo.py::TestTraceback_f_g_h::test_traceback_filter_selective[<lambda>-True]"", ""testing/code/test_excinfo.py::TestTraceback_f_g_h::test_traceback_filter_selective[<lambda>-False]"", ""testing/code/test_excinfo.py::TestTraceback_f_g_h::test_traceback_filter_selective[tracebackhide2-True]"", ""testing/code/test_excinfo.py::TestTraceback_f_g_h::test_traceback_filter_selective[tracebackhide3-False]"", ""testing/code/test_excinfo.py::TestTraceback_f_g_h::test_traceback_recursion_index"", ""testing/code/test_excinfo.py::TestTraceback_f_g_h::test_traceback_only_specific_recursion_errors"", ""testing/code/test_excinfo.py::TestTraceback_f_g_h::test_traceback_no_recursion_index"", ""testing/code/test_excinfo.py::TestTraceback_f_g_h::test_traceback_getcrashentry"", ""testing/code/test_excinfo.py::TestTraceback_f_g_h::test_traceback_getcrashentry_empty"", ""testing/code/test_excinfo.py::test_excinfo_exconly"", ""testing/code/test_excinfo.py::test_excinfo_for_later"", ""testing/code/test_excinfo.py::test_excinfo_errisinstance"", ""testing/code/test_excinfo.py::test_excinfo_no_sourcecode"", ""testing/code/test_excinfo.py::test_entrysource_Queue_example"", ""testing/code/test_excinfo.py::test_codepath_Queue_example"", ""testing/code/test_excinfo.py::test_match_succeeds"", ""testing/code/test_excinfo.py::TestFormattedExcinfo::test_repr_source"", ""testing/code/test_excinfo.py::TestFormattedExcinfo::test_repr_source_excinfo"", ""testing/code/test_excinfo.py::TestFormattedExcinfo::test_repr_source_not_existing"", ""testing/code/test_excinfo.py::TestFormattedExcinfo::test_repr_many_line_source_not_existing"", ""testing/code/test_excinfo.py::TestFormattedExcinfo::test_repr_source_failing_fullsource"", ""testing/code/test_excinfo.py::TestFormattedExcinfo::test_repr_local"", ""testing/code/test_excinfo.py::TestFormattedExcinfo::test_repr_local_with_error"", ""testing/code/test_excinfo.py::TestFormattedExcinfo::test_repr_local_with_exception_in_class_property"", ""testing/code/test_excinfo.py::TestFormattedExcinfo::test_repr_local_truncated"", ""testing/code/test_excinfo.py::TestFormattedExcinfo::test_repr_tracebackentry_lines"", ""testing/code/test_excinfo.py::TestFormattedExcinfo::test_repr_tracebackentry_lines2"", ""testing/code/test_excinfo.py::TestFormattedExcinfo::test_repr_tracebackentry_lines_var_kw_args"", ""testing/code/test_excinfo.py::TestFormattedExcinfo::test_repr_tracebackentry_short"", ""testing/code/test_excinfo.py::TestFormattedExcinfo::test_repr_tracebackentry_no"", ""testing/code/test_excinfo.py::TestFormattedExcinfo::test_repr_traceback_tbfilter"", ""testing/code/test_excinfo.py::TestFormattedExcinfo::test_traceback_short_no_source"", ""testing/code/test_excinfo.py::TestFormattedExcinfo::test_repr_traceback_and_excinfo"", ""testing/code/test_excinfo.py::TestFormattedExcinfo::test_repr_traceback_with_invalid_cwd"", ""testing/code/test_excinfo.py::TestFormattedExcinfo::test_repr_excinfo_addouterr"", ""testing/code/test_excinfo.py::TestFormattedExcinfo::test_repr_excinfo_reprcrash"", ""testing/code/test_excinfo.py::TestFormattedExcinfo::test_repr_traceback_recursion"", ""testing/code/test_excinfo.py::TestFormattedExcinfo::test_reprexcinfo_getrepr"", ""testing/code/test_excinfo.py::TestFormattedExcinfo::test_reprexcinfo_unicode"", ""testing/code/test_excinfo.py::TestFormattedExcinfo::test_toterminal_long"", ""testing/code/test_excinfo.py::TestFormattedExcinfo::test_toterminal_long_missing_source"", ""testing/code/test_excinfo.py::TestFormattedExcinfo::test_toterminal_long_incomplete_source"", ""testing/code/test_excinfo.py::TestFormattedExcinfo::test_toterminal_long_filenames"", ""testing/code/test_excinfo.py::TestFormattedExcinfo::test_format_excinfo[reproptions0]"", ""testing/code/test_excinfo.py::TestFormattedExcinfo::test_format_excinfo[reproptions1]"", ""testing/code/test_excinfo.py::TestFormattedExcinfo::test_format_excinfo[reproptions2]"", ""testing/code/test_excinfo.py::TestFormattedExcinfo::test_format_excinfo[reproptions3]"", ""testing/code/test_excinfo.py::TestFormattedExcinfo::test_format_excinfo[reproptions4]"", ""testing/code/test_excinfo.py::TestFormattedExcinfo::test_format_excinfo[reproptions5]"", ""testing/code/test_excinfo.py::TestFormattedExcinfo::test_format_excinfo[reproptions6]"", ""testing/code/test_excinfo.py::TestFormattedExcinfo::test_format_excinfo[reproptions7]"", ""testing/code/test_excinfo.py::TestFormattedExcinfo::test_format_excinfo[reproptions8]"", ""testing/code/test_excinfo.py::TestFormattedExcinfo::test_format_excinfo[reproptions9]"", ""testing/code/test_excinfo.py::TestFormattedExcinfo::test_format_excinfo[reproptions10]"", ""testing/code/test_excinfo.py::TestFormattedExcinfo::test_format_excinfo[reproptions11]"", ""testing/code/test_excinfo.py::TestFormattedExcinfo::test_format_excinfo[reproptions12]"", ""testing/code/test_excinfo.py::TestFormattedExcinfo::test_format_excinfo[reproptions13]"", ""testing/code/test_excinfo.py::TestFormattedExcinfo::test_format_excinfo[reproptions14]"", ""testing/code/test_excinfo.py::TestFormattedExcinfo::test_format_excinfo[reproptions15]"", ""testing/code/test_excinfo.py::TestFormattedExcinfo::test_format_excinfo[reproptions16]"", ""testing/code/test_excinfo.py::TestFormattedExcinfo::test_format_excinfo[reproptions17]"", ""testing/code/test_excinfo.py::TestFormattedExcinfo::test_format_excinfo[reproptions18]"", ""testing/code/test_excinfo.py::TestFormattedExcinfo::test_format_excinfo[reproptions19]"", ""testing/code/test_excinfo.py::TestFormattedExcinfo::test_format_excinfo[reproptions20]"", ""testing/code/test_excinfo.py::TestFormattedExcinfo::test_format_excinfo[reproptions21]"", ""testing/code/test_excinfo.py::TestFormattedExcinfo::test_format_excinfo[reproptions22]"", ""testing/code/test_excinfo.py::TestFormattedExcinfo::test_format_excinfo[reproptions23]"", ""testing/code/test_excinfo.py::TestFormattedExcinfo::test_traceback_repr_style"", ""testing/code/test_excinfo.py::TestFormattedExcinfo::test_exc_chain_repr"", ""testing/code/test_excinfo.py::TestFormattedExcinfo::test_exc_repr_chain_suppression[from_none]"", ""testing/code/test_excinfo.py::TestFormattedExcinfo::test_exc_repr_chain_suppression[explicit_suppress]"", ""testing/code/test_excinfo.py::TestFormattedExcinfo::test_exc_chain_repr_without_traceback[cause-The"", ""testing/code/test_excinfo.py::TestFormattedExcinfo::test_exc_chain_repr_without_traceback[context-During"", ""testing/code/test_excinfo.py::TestFormattedExcinfo::test_exc_chain_repr_cycle"", ""testing/code/test_excinfo.py::test_repr_traceback_with_unicode[None-short]"", ""testing/code/test_excinfo.py::test_repr_traceback_with_unicode[None-long]"", ""testing/code/test_excinfo.py::test_repr_traceback_with_unicode[utf8-short]"", ""testing/code/test_excinfo.py::test_repr_traceback_with_unicode[utf8-long]"", ""testing/code/test_excinfo.py::test_repr_traceback_with_unicode[utf16-short]"", ""testing/code/test_excinfo.py::test_repr_traceback_with_unicode[utf16-long]"", ""testing/code/test_excinfo.py::test_exception_repr_extraction_error_on_recursion"", ""testing/code/test_excinfo.py::test_no_recursion_index_on_recursion_error"", ""testing/code/test_excinfo.py::TestTraceback_f_g_h::test_traceback_cut_excludepath"", ""testing/code/test_excinfo.py::test_match_raises_error"", ""testing/code/test_excinfo.py::test_cwd_deleted""], ""success"": []}}, ""resolution"": ""RESOLVED_NO"", ""selected"": {}}",False,INCONCLUSIVE,INCONCLUSIVE,ARCHIVE_INCOMPATIBLE_WITH_REQUIRED_NATIVE_MARKERS
swe,20231010_rag_gpt35|pallets__flask-4045,"{""found"": false, ""report"": {""FAIL_TO_FAIL"": {""failure"": [], ""success"": []}, ""FAIL_TO_PASS"": {""failure"": [""tests/test_blueprints.py::test_dotted_name_not_allowed"", ""tests/test_blueprints.py::test_route_decorator_custom_endpoint_with_dots""], ""success"": []}, ""PASS_TO_FAIL"": {""failure"": [], ""success"": []}, ""PASS_TO_PASS"": {""failure"": [""tests/test_basic.py::test_method_route_no_methods"", ""tests/test_basic.py::test_disallow_string_for_allowed_methods"", ""tests/test_basic.py::test_error_handler_unknown_code"", ""tests/test_basic.py::test_request_locals"", ""tests/test_basic.py::test_exception_propagation"", ""tests/test_basic.py::test_werkzeug_passthrough_errors[None-True-True-True]"", ""tests/test_basic.py::test_werkzeug_passthrough_errors[None-True-True-False]"", ""tests/test_basic.py::test_werkzeug_passthrough_errors[None-True-False-True]"", ""tests/test_basic.py::test_werkzeug_passthrough_errors[None-True-False-False]"", ""tests/test_basic.py::test_werkzeug_passthrough_errors[None-False-True-True]"", ""tests/test_basic.py::test_werkzeug_passthrough_errors[None-False-True-False]"", ""tests/test_basic.py::test_werkzeug_passthrough_errors[None-False-False-True]"", ""tests/test_basic.py::test_werkzeug_passthrough_errors[None-False-False-False]"", ""tests/test_basic.py::test_werkzeug_passthrough_errors[True-True-True-True]"", ""tests/test_basic.py::test_werkzeug_passthrough_errors[True-True-True-False]"", ""tests/test_basic.py::test_werkzeug_passthrough_errors[True-True-False-True]"", ""tests/test_basic.py::test_werkzeug_passthrough_errors[True-True-False-False]"", ""tests/test_basic.py::test_werkzeug_passthrough_errors[True-False-True-True]"", ""tests/test_basic.py::test_werkzeug_passthrough_errors[True-False-True-False]"", ""tests/test_basic.py::test_werkzeug_passthrough_errors[True-False-False-True]"", ""tests/test_basic.py::test_werkzeug_passthrough_errors[True-False-False-False]"", ""tests/test_basic.py::test_werkzeug_passthrough_errors[False-True-True-True]"", ""tests/test_basic.py::test_werkzeug_passthrough_errors[False-True-True-False]"", ""tests/test_basic.py::test_werkzeug_passthrough_errors[False-True-False-True]"", ""tests/test_basic.py::test_werkzeug_passthrough_errors[False-True-False-False]"", ""tests/test_basic.py::test_werkzeug_passthrough_errors[False-False-True-True]"", ""tests/test_basic.py::test_werkzeug_passthrough_errors[False-False-True-False]"", ""tests/test_basic.py::test_werkzeug_passthrough_errors[False-False-False-True]"", ""tests/test_basic.py::test_werkzeug_passthrough_errors[False-False-False-False]"", ""tests/test_basic.py::test_get_method_on_g"", ""tests/test_basic.py::test_g_iteration_protocol"", ""tests/test_basic.py::test_run_defaults"", ""tests/test_basic.py::test_run_server_port"", ""tests/test_basic.py::test_run_from_config[None-None-pocoo.org:8080-pocoo.org-8080]"", ""tests/test_basic.py::test_run_from_config[localhost-None-pocoo.org:8080-localhost-8080]"", ""tests/test_basic.py::test_run_from_config[None-80-pocoo.org:8080-pocoo.org-80]"", ""tests/test_basic.py::test_run_from_config[localhost-80-pocoo.org:8080-localhost-80]"", ""tests/test_basic.py::test_run_from_config[localhost-0-localhost:8080-localhost-0]"", ""tests/test_basic.py::test_run_from_config[None-None-localhost:8080-localhost-8080]"", ""tests/test_basic.py::test_run_from_config[None-None-localhost:0-localhost-0]"", ""tests/test_basic.py::test_app_freed_on_zero_refcount"", ""tests/test_blueprints.py::test_template_filter"", ""tests/test_blueprints.py::test_add_template_filter"", ""tests/test_blueprints.py::test_template_filter_with_name"", ""tests/test_blueprints.py::test_add_template_filter_with_name"", ""tests/test_blueprints.py::test_template_test"", ""tests/test_blueprints.py::test_add_template_test"", ""tests/test_blueprints.py::test_template_test_with_name"", ""tests/test_blueprints.py::test_add_template_test_with_name"", ""tests/test_blueprints.py::test_template_global""], ""success"": []}}, ""resolution"": ""RESOLVED_NO"", ""selected"": {}}","{""found"": false, ""report"": {""FAIL_TO_FAIL"": {""failure"": [], ""success"": []}, ""FAIL_TO_PASS"": {""failure"": [""tests/test_blueprints.py::test_dotted_name_not_allowed"", ""tests/test_blueprints.py::test_route_decorator_custom_endpoint_with_dots""], ""success"": []}, ""PASS_TO_FAIL"": {""failure"": [], ""success"": []}, ""PASS_TO_PASS"": {""failure"": [""tests/test_basic.py::test_method_route_no_methods"", ""tests/test_basic.py::test_disallow_string_for_allowed_methods"", ""tests/test_basic.py::test_error_handler_unknown_code"", ""tests/test_basic.py::test_request_locals"", ""tests/test_basic.py::test_exception_propagation"", ""tests/test_basic.py::test_werkzeug_passthrough_errors[None-True-True-True]"", ""tests/test_basic.py::test_werkzeug_passthrough_errors[None-True-True-False]"", ""tests/test_basic.py::test_werkzeug_passthrough_errors[None-True-False-True]"", ""tests/test_basic.py::test_werkzeug_passthrough_errors[None-True-False-False]"", ""tests/test_basic.py::test_werkzeug_passthrough_errors[None-False-True-True]"", ""tests/test_basic.py::test_werkzeug_passthrough_errors[None-False-True-False]"", ""tests/test_basic.py::test_werkzeug_passthrough_errors[None-False-False-True]"", ""tests/test_basic.py::test_werkzeug_passthrough_errors[None-False-False-False]"", ""tests/test_basic.py::test_werkzeug_passthrough_errors[True-True-True-True]"", ""tests/test_basic.py::test_werkzeug_passthrough_errors[True-True-True-False]"", ""tests/test_basic.py::test_werkzeug_passthrough_errors[True-True-False-True]"", ""tests/test_basic.py::test_werkzeug_passthrough_errors[True-True-False-False]"", ""tests/test_basic.py::test_werkzeug_passthrough_errors[True-False-True-True]"", ""tests/test_basic.py::test_werkzeug_passthrough_errors[True-False-True-False]"", ""tests/test_basic.py::test_werkzeug_passthrough_errors[True-False-False-True]"", ""tests/test_basic.py::test_werkzeug_passthrough_errors[True-False-False-False]"", ""tests/test_basic.py::test_werkzeug_passthrough_errors[False-True-True-True]"", ""tests/test_basic.py::test_werkzeug_passthrough_errors[False-True-True-False]"", ""tests/test_basic.py::test_werkzeug_passthrough_errors[False-True-False-True]"", ""tests/test_basic.py::test_werkzeug_passthrough_errors[False-True-False-False]"", ""tests/test_basic.py::test_werkzeug_passthrough_errors[False-False-True-True]"", ""tests/test_basic.py::test_werkzeug_passthrough_errors[False-False-True-False]"", ""tests/test_basic.py::test_werkzeug_passthrough_errors[False-False-False-True]"", ""tests/test_basic.py::test_werkzeug_passthrough_errors[False-False-False-False]"", ""tests/test_basic.py::test_get_method_on_g"", ""tests/test_basic.py::test_g_iteration_protocol"", ""tests/test_basic.py::test_run_defaults"", ""tests/test_basic.py::test_run_server_port"", ""tests/test_basic.py::test_run_from_config[None-None-pocoo.org:8080-pocoo.org-8080]"", ""tests/test_basic.py::test_run_from_config[localhost-None-pocoo.org:8080-localhost-8080]"", ""tests/test_basic.py::test_run_from_config[None-80-pocoo.org:8080-pocoo.org-80]"", ""tests/test_basic.py::test_run_from_config[localhost-80-pocoo.org:8080-localhost-80]"", ""tests/test_basic.py::test_run_from_config[localhost-0-localhost:8080-localhost-0]"", ""tests/test_basic.py::test_run_from_config[None-None-localhost:8080-localhost-8080]"", ""tests/test_basic.py::test_run_from_config[None-None-localhost:0-localhost-0]"", ""tests/test_basic.py::test_app_freed_on_zero_refcount"", ""tests/test_blueprints.py::test_template_filter"", ""tests/test_blueprints.py::test_add_template_filter"", ""tests/test_blueprints.py::test_template_filter_with_name"", ""tests/test_blueprints.py::test_add_template_filter_with_name"", ""tests/test_blueprints.py::test_template_test"", ""tests/test_blueprints.py::test_add_template_test"", ""tests/test_blueprints.py::test_template_test_with_name"", ""tests/test_blueprints.py::test_add_template_test_with_name"", ""tests/test_blueprints.py::test_template_global""], ""success"": []}}, ""resolution"": ""RESOLVED_NO"", ""selected"": {}}",False,INCONCLUSIVE,INCONCLUSIVE,ARCHIVE_INCOMPATIBLE_WITH_REQUIRED_NATIVE_MARKERS
swe,20231010_rag_gpt35|sympy__sympy-18835,"{""found"": false, ""report"": {""FAIL_TO_FAIL"": {""failure"": [], ""success"": []}, ""FAIL_TO_PASS"": {""failure"": [""test_uniq""], ""success"": []}, ""PASS_TO_FAIL"": {""failure"": [], ""success"": []}, ""PASS_TO_PASS"": {""failure"": [""test_is_palindromic"", ""test_postorder_traversal"", ""test_flatten"", ""test_iproduct"", ""test_group"", ""test_subsets"", ""test_variations"", ""test_cartes"", ""test_filter_symbols"", ""test_numbered_symbols"", ""test_sift"", ""test_take"", ""test_dict_merge"", ""test_prefixes"", ""test_postfixes"", ""test_topological_sort"", ""test_strongly_connected_components"", ""test_connected_components"", ""test_rotate"", ""test_multiset_partitions"", ""test_multiset_combinations"", ""test_multiset_permutations"", ""test_partitions"", ""test_binary_partitions"", ""test_bell_perm"", ""test_involutions"", ""test_derangements"", ""test_necklaces"", ""test_bracelets"", ""test_generate_oriented_forest"", ""test_unflatten"", ""test_common_prefix_suffix"", ""test_minlex"", ""test_ordered"", ""test_runs"", ""test_reshape"", ""test_kbins"", ""test_has_dups"", ""test__partition"", ""test_ordered_partitions"", ""test_rotations""], ""success"": []}}, ""resolution"": ""RESOLVED_NO"", ""selected"": {}}","{""found"": false, ""report"": {""FAIL_TO_FAIL"": {""failure"": [], ""success"": []}, ""FAIL_TO_PASS"": {""failure"": [""test_uniq""], ""success"": []}, ""PASS_TO_FAIL"": {""failure"": [], ""success"": []}, ""PASS_TO_PASS"": {""failure"": [""test_is_palindromic"", ""test_postorder_traversal"", ""test_flatten"", ""test_iproduct"", ""test_group"", ""test_subsets"", ""test_variations"", ""test_cartes"", ""test_filter_symbols"", ""test_numbered_symbols"", ""test_sift"", ""test_take"", ""test_dict_merge"", ""test_prefixes"", ""test_postfixes"", ""test_topological_sort"", ""test_strongly_connected_components"", ""test_connected_components"", ""test_rotate"", ""test_multiset_partitions"", ""test_multiset_combinations"", ""test_multiset_permutations"", ""test_partitions"", ""test_binary_partitions"", ""test_bell_perm"", ""test_involutions"", ""test_derangements"", ""test_necklaces"", ""test_bracelets"", ""test_generate_oriented_forest"", ""test_unflatten"", ""test_common_prefix_suffix"", ""test_minlex"", ""test_ordered"", ""test_runs"", ""test_reshape"", ""test_kbins"", ""test_has_dups"", ""test__partition"", ""test_ordered_partitions"", ""test_rotations""], ""success"": []}}, ""resolution"": ""RESOLVED_NO"", ""selected"": {}}",False,INCONCLUSIVE,INCONCLUSIVE,ARCHIVE_INCOMPATIBLE_WITH_REQUIRED_NATIVE_MARKERS
swe,20231010_rag_gpt35|sympy__sympy-12454,"{""found"": false, ""report"": {""FAIL_TO_FAIL"": {""failure"": [], ""success"": []}, ""FAIL_TO_PASS"": {""failure"": [""test_is_upper"", ""test_hessenberg""], ""success"": []}, ""PASS_TO_FAIL"": {""failure"": [], ""success"": []}, ""PASS_TO_PASS"": {""failure"": [""test_args"", ""test_division"", ""test_sum"", ""test_addition"", ""test_fancy_index_matrix"", ""test_multiplication"", ""test_power"", ""test_creation"", ""test_tolist"", ""test_as_mutable"", ""test_determinant"", ""test_det_LU_decomposition"", ""test_berkowitz_minors"", ""test_slicing"", ""test_submatrix_assignment"", ""test_extract"", ""test_reshape"", ""test_applyfunc"", ""test_expand"", ""test_random"", ""test_LUdecomp"", ""test_LUsolve"", ""test_QRsolve"", ""test_inverse"", ""test_matrix_inverse_mod"", ""test_util"", ""test_jacobian_hessian"", ""test_QR"", ""test_QR_non_square"", ""test_nullspace"", ""test_columnspace"", ""test_wronskian"", ""test_subs"", ""test_xreplace"", ""test_transpose"", ""test_conjugate"", ""test_conj_dirac"", ""test_trace"", ""test_shape"", ""test_col_row_op"", ""test_zip_row_op"", ""test_issue_3950"", ""test_issue_3981"", ""test_evalf"", ""test_is_symbolic"", ""test_is_lower"", ""test_is_nilpotent"", ""test_zeros_ones_fill"", ""test_empty_zeros"", ""test_inv_iszerofunc"", ""test_jacobian_metrics"", ""test_jacobian2"", ""test_issue_4564"", ""test_nonvectorJacobian"", ""test_vec"", ""test_vech"", ""test_vech_errors"", ""test_diag"", ""test_get_diag_blocks1"", ""test_get_diag_blocks2"", ""test_inv_block"", ""test_creation_args"", ""test_diagonal_symmetrical"", ""test_diagonalization"", ""test_jordan_form"", ""test_jordan_form_complex_issue_9274"", ""test_issue_10220"", ""test_Matrix_berkowitz_charpoly"", ""test_exp"", ""test_has"", ""test_errors"", ""test_len"", ""test_integrate"", ""test_diff"", ""test_getattr"", ""test_cholesky"", ""test_LDLdecomposition"", ""test_cholesky_solve"", ""test_LDLsolve"", ""test_lower_triangular_solve"", ""test_upper_triangular_solve"", ""test_diagonal_solve"", ""test_singular_values"", ""test_condition_number"", ""test_equality"", ""test_col_join"", ""test_row_insert"", ""test_col_insert"", ""test_normalized"", ""test_print_nonzero"", ""test_zeros_eye"", ""test_is_zero"", ""test_rotation_matrices"", ""test_DeferredVector"", ""test_DeferredVector_not_iterable"", ""test_DeferredVector_Matrix"", ""test_GramSchmidt"", ""test_casoratian"", ""test_zero_dimension_multiply"", ""test_slice_issue_2884"", ""test_slice_issue_3401"", ""test_copyin"", ""test_invertible_check"", ""test_issue_5964"", ""test_issue_7604"", ""test_is_Identity"", ""test_dot"", ""test_dual"", ""test_anti_symmetric"", ""test_issue_5321"", ""test_issue_5320"", ""test_issue_11944"", ""test_cross"", ""test_hash"", ""test_adjoint"", ""test_simplify_immutable"", ""test_rank"", ""test_issue_11434"", ""test_rank_regression_from_so"", ""test_replace"", ""test_replace_map"", ""test_atoms"", ""test_pinv_solve"", ""test_gauss_jordan_solve"", ""test_issue_7201"", ""test_free_symbols"", ""test_hermitian"", ""test_doit"", ""test_issue_9457_9467_9876"", ""test_issue_9422"", ""test_issue_10770"", ""test_issue_10658"", ""test_partial_pivoting"", ""test_iszero_substitution""], ""success"": []}}, ""resolution"": ""RESOLVED_NO"", ""selected"": {}}","{""found"": false, ""report"": {""FAIL_TO_FAIL"": {""failure"": [], ""success"": []}, ""FAIL_TO_PASS"": {""failure"": [""test_is_upper"", ""test_hessenberg""], ""success"": []}, ""PASS_TO_FAIL"": {""failure"": [], ""success"": []}, ""PASS_TO_PASS"": {""failure"": [""test_args"", ""test_division"", ""test_sum"", ""test_addition"", ""test_fancy_index_matrix"", ""test_multiplication"", ""test_power"", ""test_creation"", ""test_tolist"", ""test_as_mutable"", ""test_determinant"", ""test_det_LU_decomposition"", ""test_berkowitz_minors"", ""test_slicing"", ""test_submatrix_assignment"", ""test_extract"", ""test_reshape"", ""test_applyfunc"", ""test_expand"", ""test_random"", ""test_LUdecomp"", ""test_LUsolve"", ""test_QRsolve"", ""test_inverse"", ""test_matrix_inverse_mod"", ""test_util"", ""test_jacobian_hessian"", ""test_QR"", ""test_QR_non_square"", ""test_nullspace"", ""test_columnspace"", ""test_wronskian"", ""test_subs"", ""test_xreplace"", ""test_transpose"", ""test_conjugate"", ""test_conj_dirac"", ""test_trace"", ""test_shape"", ""test_col_row_op"", ""test_zip_row_op"", ""test_issue_3950"", ""test_issue_3981"", ""test_evalf"", ""test_is_symbolic"", ""test_is_lower"", ""test_is_nilpotent"", ""test_zeros_ones_fill"", ""test_empty_zeros"", ""test_inv_iszerofunc"", ""test_jacobian_metrics"", ""test_jacobian2"", ""test_issue_4564"", ""test_nonvectorJacobian"", ""test_vec"", ""test_vech"", ""test_vech_errors"", ""test_diag"", ""test_get_diag_blocks1"", ""test_get_diag_blocks2"", ""test_inv_block"", ""test_creation_args"", ""test_diagonal_symmetrical"", ""test_diagonalization"", ""test_jordan_form"", ""test_jordan_form_complex_issue_9274"", ""test_issue_10220"", ""test_Matrix_berkowitz_charpoly"", ""test_exp"", ""test_has"", ""test_errors"", ""test_len"", ""test_integrate"", ""test_diff"", ""test_getattr"", ""test_cholesky"", ""test_LDLdecomposition"", ""test_cholesky_solve"", ""test_LDLsolve"", ""test_lower_triangular_solve"", ""test_upper_triangular_solve"", ""test_diagonal_solve"", ""test_singular_values"", ""test_condition_number"", ""test_equality"", ""test_col_join"", ""test_row_insert"", ""test_col_insert"", ""test_normalized"", ""test_print_nonzero"", ""test_zeros_eye"", ""test_is_zero"", ""test_rotation_matrices"", ""test_DeferredVector"", ""test_DeferredVector_not_iterable"", ""test_DeferredVector_Matrix"", ""test_GramSchmidt"", ""test_casoratian"", ""test_zero_dimension_multiply"", ""test_slice_issue_2884"", ""test_slice_issue_3401"", ""test_copyin"", ""test_invertible_check"", ""test_issue_5964"", ""test_issue_7604"", ""test_is_Identity"", ""test_dot"", ""test_dual"", ""test_anti_symmetric"", ""test_issue_5321"", ""test_issue_5320"", ""test_issue_11944"", ""test_cross"", ""test_hash"", ""test_adjoint"", ""test_simplify_immutable"", ""test_rank"", ""test_issue_11434"", ""test_rank_regression_from_so"", ""test_replace"", ""test_replace_map"", ""test_atoms"", ""test_pinv_solve"", ""test_gauss_jordan_solve"", ""test_issue_7201"", ""test_free_symbols"", ""test_hermitian"", ""test_doit"", ""test_issue_9457_9467_9876"", ""test_issue_9422"", ""test_issue_10770"", ""test_issue_10658"", ""test_partial_pivoting"", ""test_iszero_substitution""], ""success"": []}}, ""resolution"": ""RESOLVED_NO"", ""selected"": {}}",False,INCONCLUSIVE,INCONCLUSIVE,ARCHIVE_INCOMPATIBLE_WITH_REQUIRED_NATIVE_MARKERS
swe,20231010_rag_gpt35|scikit-learn__scikit-learn-12471,"{""found"": false, ""report"": {""FAIL_TO_FAIL"": {""failure"": [], ""success"": []}, ""FAIL_TO_PASS"": {""failure"": [""sklearn/preprocessing/tests/test_encoders.py::test_one_hot_encoder_handle_unknown_strings""], ""success"": []}, ""PASS_TO_FAIL"": {""failure"": [], ""success"": []}, ""PASS_TO_PASS"": {""failure"": [""sklearn/preprocessing/tests/test_encoders.py::test_one_hot_encoder_sparse"", ""sklearn/preprocessing/tests/test_encoders.py::test_one_hot_encoder_dense"", ""sklearn/preprocessing/tests/test_encoders.py::test_one_hot_encoder_deprecationwarnings"", ""sklearn/preprocessing/tests/test_encoders.py::test_one_hot_encoder_force_new_behaviour"", ""sklearn/preprocessing/tests/test_encoders.py::test_one_hot_encoder_categorical_features"", ""sklearn/preprocessing/tests/test_encoders.py::test_one_hot_encoder_handle_unknown"", ""sklearn/preprocessing/tests/test_encoders.py::test_one_hot_encoder_not_fitted"", ""sklearn/preprocessing/tests/test_encoders.py::test_one_hot_encoder_no_categorical_features"", ""sklearn/preprocessing/tests/test_encoders.py::test_one_hot_encoder_dtype[int32-int32]"", ""sklearn/preprocessing/tests/test_encoders.py::test_one_hot_encoder_dtype[int32-float32]"", ""sklearn/preprocessing/tests/test_encoders.py::test_one_hot_encoder_dtype[int32-float64]"", ""sklearn/preprocessing/tests/test_encoders.py::test_one_hot_encoder_dtype[float32-int32]"", ""sklearn/preprocessing/tests/test_encoders.py::test_one_hot_encoder_dtype[float32-float32]"", ""sklearn/preprocessing/tests/test_encoders.py::test_one_hot_encoder_dtype[float32-float64]"", ""sklearn/preprocessing/tests/test_encoders.py::test_one_hot_encoder_dtype[float64-int32]"", ""sklearn/preprocessing/tests/test_encoders.py::test_one_hot_encoder_dtype[float64-float32]"", ""sklearn/preprocessing/tests/test_encoders.py::test_one_hot_encoder_dtype[float64-float64]"", ""sklearn/preprocessing/tests/test_encoders.py::test_one_hot_encoder_dtype_pandas[int32]"", ""sklearn/preprocessing/tests/test_encoders.py::test_one_hot_encoder_dtype_pandas[float32]"", ""sklearn/preprocessing/tests/test_encoders.py::test_one_hot_encoder_dtype_pandas[float64]"", ""sklearn/preprocessing/tests/test_encoders.py::test_one_hot_encoder_set_params"", ""sklearn/preprocessing/tests/test_encoders.py::test_one_hot_encoder[mixed]"", ""sklearn/preprocessing/tests/test_encoders.py::test_one_hot_encoder[numeric]"", ""sklearn/preprocessing/tests/test_encoders.py::test_one_hot_encoder[object]"", ""sklearn/preprocessing/tests/test_encoders.py::test_one_hot_encoder_inverse"", ""sklearn/preprocessing/tests/test_encoders.py::test_one_hot_encoder_categories[mixed]"", ""sklearn/preprocessing/tests/test_encoders.py::test_one_hot_encoder_categories[numeric]"", ""sklearn/preprocessing/tests/test_encoders.py::test_one_hot_encoder_categories[object]"", ""sklearn/preprocessing/tests/test_encoders.py::test_one_hot_encoder_categories[string]"", ""sklearn/preprocessing/tests/test_encoders.py::test_one_hot_encoder_specified_categories[object]"", ""sklearn/preprocessing/tests/test_encoders.py::test_one_hot_encoder_specified_categories[numeric]"", ""sklearn/preprocessing/tests/test_encoders.py::test_one_hot_encoder_specified_categories[object-string-cat]"", ""sklearn/preprocessing/tests/test_encoders.py::test_one_hot_encoder_unsorted_categories"", ""sklearn/preprocessing/tests/test_encoders.py::test_one_hot_encoder_specified_categories_mixed_columns"", ""sklearn/preprocessing/tests/test_encoders.py::test_one_hot_encoder_pandas"", ""sklearn/preprocessing/tests/test_encoders.py::test_one_hot_encoder_feature_names"", ""sklearn/preprocessing/tests/test_encoders.py::test_one_hot_encoder_feature_names_unicode"", ""sklearn/preprocessing/tests/test_encoders.py::test_one_hot_encoder_raise_missing[error-numeric]"", ""sklearn/preprocessing/tests/test_encoders.py::test_one_hot_encoder_raise_missing[error-object]"", ""sklearn/preprocessing/tests/test_encoders.py::test_one_hot_encoder_raise_missing[ignore-numeric]"", ""sklearn/preprocessing/tests/test_encoders.py::test_one_hot_encoder_raise_missing[ignore-object]"", ""sklearn/preprocessing/tests/test_encoders.py::test_ordinal_encoder[mixed]"", ""sklearn/preprocessing/tests/test_encoders.py::test_ordinal_encoder[numeric]"", ""sklearn/preprocessing/tests/test_encoders.py::test_ordinal_encoder[object]"", ""sklearn/preprocessing/tests/test_encoders.py::test_ordinal_encoder_specified_categories[object]"", ""sklearn/preprocessing/tests/test_encoders.py::test_ordinal_encoder_specified_categories[numeric]"", ""sklearn/preprocessing/tests/test_encoders.py::test_ordinal_encoder_specified_categories[object-string-cat]"", ""sklearn/preprocessing/tests/test_encoders.py::test_ordinal_encoder_inverse"", ""sklearn/preprocessing/tests/test_encoders.py::test_ordinal_encoder_raise_missing[numeric]"", ""sklearn/preprocessing/tests/test_encoders.py::test_ordinal_encoder_raise_missing[object]"", ""sklearn/preprocessing/tests/test_encoders.py::test_encoder_dtypes"", ""sklearn/preprocessing/tests/test_encoders.py::test_encoder_dtypes_pandas"", ""sklearn/preprocessing/tests/test_encoders.py::test_one_hot_encoder_warning""], ""success"": []}}, ""resolution"": ""RESOLVED_NO"", ""selected"": {}}","{""found"": false, ""report"": {""FAIL_TO_FAIL"": {""failure"": [], ""success"": []}, ""FAIL_TO_PASS"": {""failure"": [""sklearn/preprocessing/tests/test_encoders.py::test_one_hot_encoder_handle_unknown_strings""], ""success"": []}, ""PASS_TO_FAIL"": {""failure"": [], ""success"": []}, ""PASS_TO_PASS"": {""failure"": [""sklearn/preprocessing/tests/test_encoders.py::test_one_hot_encoder_sparse"", ""sklearn/preprocessing/tests/test_encoders.py::test_one_hot_encoder_dense"", ""sklearn/preprocessing/tests/test_encoders.py::test_one_hot_encoder_deprecationwarnings"", ""sklearn/preprocessing/tests/test_encoders.py::test_one_hot_encoder_force_new_behaviour"", ""sklearn/preprocessing/tests/test_encoders.py::test_one_hot_encoder_categorical_features"", ""sklearn/preprocessing/tests/test_encoders.py::test_one_hot_encoder_handle_unknown"", ""sklearn/preprocessing/tests/test_encoders.py::test_one_hot_encoder_not_fitted"", ""sklearn/preprocessing/tests/test_encoders.py::test_one_hot_encoder_no_categorical_features"", ""sklearn/preprocessing/tests/test_encoders.py::test_one_hot_encoder_dtype[int32-int32]"", ""sklearn/preprocessing/tests/test_encoders.py::test_one_hot_encoder_dtype[int32-float32]"", ""sklearn/preprocessing/tests/test_encoders.py::test_one_hot_encoder_dtype[int32-float64]"", ""sklearn/preprocessing/tests/test_encoders.py::test_one_hot_encoder_dtype[float32-int32]"", ""sklearn/preprocessing/tests/test_encoders.py::test_one_hot_encoder_dtype[float32-float32]"", ""sklearn/preprocessing/tests/test_encoders.py::test_one_hot_encoder_dtype[float32-float64]"", ""sklearn/preprocessing/tests/test_encoders.py::test_one_hot_encoder_dtype[float64-int32]"", ""sklearn/preprocessing/tests/test_encoders.py::test_one_hot_encoder_dtype[float64-float32]"", ""sklearn/preprocessing/tests/test_encoders.py::test_one_hot_encoder_dtype[float64-float64]"", ""sklearn/preprocessing/tests/test_encoders.py::test_one_hot_encoder_dtype_pandas[int32]"", ""sklearn/preprocessing/tests/test_encoders.py::test_one_hot_encoder_dtype_pandas[float32]"", ""sklearn/preprocessing/tests/test_encoders.py::test_one_hot_encoder_dtype_pandas[float64]"", ""sklearn/preprocessing/tests/test_encoders.py::test_one_hot_encoder_set_params"", ""sklearn/preprocessing/tests/test_encoders.py::test_one_hot_encoder[mixed]"", ""sklearn/preprocessing/tests/test_encoders.py::test_one_hot_encoder[numeric]"", ""sklearn/preprocessing/tests/test_encoders.py::test_one_hot_encoder[object]"", ""sklearn/preprocessing/tests/test_encoders.py::test_one_hot_encoder_inverse"", ""sklearn/preprocessing/tests/test_encoders.py::test_one_hot_encoder_categories[mixed]"", ""sklearn/preprocessing/tests/test_encoders.py::test_one_hot_encoder_categories[numeric]"", ""sklearn/preprocessing/tests/test_encoders.py::test_one_hot_encoder_categories[object]"", ""sklearn/preprocessing/tests/test_encoders.py::test_one_hot_encoder_categories[string]"", ""sklearn/preprocessing/tests/test_encoders.py::test_one_hot_encoder_specified_categories[object]"", ""sklearn/preprocessing/tests/test_encoders.py::test_one_hot_encoder_specified_categories[numeric]"", ""sklearn/preprocessing/tests/test_encoders.py::test_one_hot_encoder_specified_categories[object-string-cat]"", ""sklearn/preprocessing/tests/test_encoders.py::test_one_hot_encoder_unsorted_categories"", ""sklearn/preprocessing/tests/test_encoders.py::test_one_hot_encoder_specified_categories_mixed_columns"", ""sklearn/preprocessing/tests/test_encoders.py::test_one_hot_encoder_pandas"", ""sklearn/preprocessing/tests/test_encoders.py::test_one_hot_encoder_feature_names"", ""sklearn/preprocessing/tests/test_encoders.py::test_one_hot_encoder_feature_names_unicode"", ""sklearn/preprocessing/tests/test_encoders.py::test_one_hot_encoder_raise_missing[error-numeric]"", ""sklearn/preprocessing/tests/test_encoders.py::test_one_hot_encoder_raise_missing[error-object]"", ""sklearn/preprocessing/tests/test_encoders.py::test_one_hot_encoder_raise_missing[ignore-numeric]"", ""sklearn/preprocessing/tests/test_encoders.py::test_one_hot_encoder_raise_missing[ignore-object]"", ""sklearn/preprocessing/tests/test_encoders.py::test_ordinal_encoder[mixed]"", ""sklearn/preprocessing/tests/test_encoders.py::test_ordinal_encoder[numeric]"", ""sklearn/preprocessing/tests/test_encoders.py::test_ordinal_encoder[object]"", ""sklearn/preprocessing/tests/test_encoders.py::test_ordinal_encoder_specified_categories[object]"", ""sklearn/preprocessing/tests/test_encoders.py::test_ordinal_encoder_specified_categories[numeric]"", ""sklearn/preprocessing/tests/test_encoders.py::test_ordinal_encoder_specified_categories[object-string-cat]"", ""sklearn/preprocessing/tests/test_encoders.py::test_ordinal_encoder_inverse"", ""sklearn/preprocessing/tests/test_encoders.py::test_ordinal_encoder_raise_missing[numeric]"", ""sklearn/preprocessing/tests/test_encoders.py::test_ordinal_encoder_raise_missing[object]"", ""sklearn/preprocessing/tests/test_encoders.py::test_encoder_dtypes"", ""sklearn/preprocessing/tests/test_encoders.py::test_encoder_dtypes_pandas"", ""sklearn/preprocessing/tests/test_encoders.py::test_one_hot_encoder_warning""], ""success"": []}}, ""resolution"": ""RESOLVED_NO"", ""selected"": {}}",False,INCONCLUSIVE,INCONCLUSIVE,ARCHIVE_INCOMPATIBLE_WITH_REQUIRED_NATIVE_MARKERS
swe,20231010_rag_gpt35|pytest-dev__pytest-5413,"{""found"": false, ""report"": {""FAIL_TO_FAIL"": {""failure"": [], ""success"": []}, ""FAIL_TO_PASS"": {""failure"": [""testing/code/test_excinfo.py::test_excinfo_repr_str""], ""success"": []}, ""PASS_TO_FAIL"": {""failure"": [], ""success"": []}, ""PASS_TO_PASS"": {""failure"": [""testing/code/test_excinfo.py::test_excinfo_simple"", ""testing/code/test_excinfo.py::test_excinfo_getstatement"", ""testing/code/test_excinfo.py::TestTraceback_f_g_h::test_traceback_entries"", ""testing/code/test_excinfo.py::TestTraceback_f_g_h::test_traceback_entry_getsource"", ""testing/code/test_excinfo.py::TestTraceback_f_g_h::test_traceback_entry_getsource_in_construct"", ""testing/code/test_excinfo.py::TestTraceback_f_g_h::test_traceback_cut"", ""testing/code/test_excinfo.py::TestTraceback_f_g_h::test_traceback_filter"", ""testing/code/test_excinfo.py::TestTraceback_f_g_h::test_traceback_filter_selective[<lambda>-True]"", ""testing/code/test_excinfo.py::TestTraceback_f_g_h::test_traceback_filter_selective[<lambda>-False]"", ""testing/code/test_excinfo.py::TestTraceback_f_g_h::test_traceback_filter_selective[tracebackhide2-True]"", ""testing/code/test_excinfo.py::TestTraceback_f_g_h::test_traceback_filter_selective[tracebackhide3-False]"", ""testing/code/test_excinfo.py::TestTraceback_f_g_h::test_traceback_recursion_index"", ""testing/code/test_excinfo.py::TestTraceback_f_g_h::test_traceback_only_specific_recursion_errors"", ""testing/code/test_excinfo.py::TestTraceback_f_g_h::test_traceback_no_recursion_index"", ""testing/code/test_excinfo.py::TestTraceback_f_g_h::test_traceback_getcrashentry"", ""testing/code/test_excinfo.py::TestTraceback_f_g_h::test_traceback_getcrashentry_empty"", ""testing/code/test_excinfo.py::test_excinfo_exconly"", ""testing/code/test_excinfo.py::test_excinfo_for_later"", ""testing/code/test_excinfo.py::test_excinfo_errisinstance"", ""testing/code/test_excinfo.py::test_excinfo_no_sourcecode"", ""testing/code/test_excinfo.py::test_entrysource_Queue_example"", ""testing/code/test_excinfo.py::test_codepath_Queue_example"", ""testing/code/test_excinfo.py::test_match_succeeds"", ""testing/code/test_excinfo.py::TestFormattedExcinfo::test_repr_source"", ""testing/code/test_excinfo.py::TestFormattedExcinfo::test_repr_source_excinfo"", ""testing/code/test_excinfo.py::TestFormattedExcinfo::test_repr_source_not_existing"", ""testing/code/test_excinfo.py::TestFormattedExcinfo::test_repr_many_line_source_not_existing"", ""testing/code/test_excinfo.py::TestFormattedExcinfo::test_repr_source_failing_fullsource"", ""testing/code/test_excinfo.py::TestFormattedExcinfo::test_repr_local"", ""testing/code/test_excinfo.py::TestFormattedExcinfo::test_repr_local_with_error"", ""testing/code/test_excinfo.py::TestFormattedExcinfo::test_repr_local_with_exception_in_class_property"", ""testing/code/test_excinfo.py::TestFormattedExcinfo::test_repr_local_truncated"", ""testing/code/test_excinfo.py::TestFormattedExcinfo::test_repr_tracebackentry_lines"", ""testing/code/test_excinfo.py::TestFormattedExcinfo::test_repr_tracebackentry_lines2"", ""testing/code/test_excinfo.py::TestFormattedExcinfo::test_repr_tracebackentry_lines_var_kw_args"", ""testing/code/test_excinfo.py::TestFormattedExcinfo::test_repr_tracebackentry_short"", ""testing/code/test_excinfo.py::TestFormattedExcinfo::test_repr_tracebackentry_no"", ""testing/code/test_excinfo.py::TestFormattedExcinfo::test_repr_traceback_tbfilter"", ""testing/code/test_excinfo.py::TestFormattedExcinfo::test_traceback_short_no_source"", ""testing/code/test_excinfo.py::TestFormattedExcinfo::test_repr_traceback_and_excinfo"", ""testing/code/test_excinfo.py::TestFormattedExcinfo::test_repr_traceback_with_invalid_cwd"", ""testing/code/test_excinfo.py::TestFormattedExcinfo::test_repr_excinfo_addouterr"", ""testing/code/test_excinfo.py::TestFormattedExcinfo::test_repr_excinfo_reprcrash"", ""testing/code/test_excinfo.py::TestFormattedExcinfo::test_repr_traceback_recursion"", ""testing/code/test_excinfo.py::TestFormattedExcinfo::test_reprexcinfo_getrepr"", ""testing/code/test_excinfo.py::TestFormattedExcinfo::test_reprexcinfo_unicode"", ""testing/code/test_excinfo.py::TestFormattedExcinfo::test_toterminal_long"", ""testing/code/test_excinfo.py::TestFormattedExcinfo::test_toterminal_long_missing_source"", ""testing/code/test_excinfo.py::TestFormattedExcinfo::test_toterminal_long_incomplete_source"", ""testing/code/test_excinfo.py::TestFormattedExcinfo::test_toterminal_long_filenames"", ""testing/code/test_excinfo.py::TestFormattedExcinfo::test_format_excinfo[reproptions0]"", ""testing/code/test_excinfo.py::TestFormattedExcinfo::test_format_excinfo[reproptions1]"", ""testing/code/test_excinfo.py::TestFormattedExcinfo::test_format_excinfo[reproptions2]"", ""testing/code/test_excinfo.py::TestFormattedExcinfo::test_format_excinfo[reproptions3]"", ""testing/code/test_excinfo.py::TestFormattedExcinfo::test_format_excinfo[reproptions4]"", ""testing/code/test_excinfo.py::TestFormattedExcinfo::test_format_excinfo[reproptions5]"", ""testing/code/test_excinfo.py::TestFormattedExcinfo::test_format_excinfo[reproptions6]"", ""testing/code/test_excinfo.py::TestFormattedExcinfo::test_format_excinfo[reproptions7]"", ""testing/code/test_excinfo.py::TestFormattedExcinfo::test_format_excinfo[reproptions8]"", ""testing/code/test_excinfo.py::TestFormattedExcinfo::test_format_excinfo[reproptions9]"", ""testing/code/test_excinfo.py::TestFormattedExcinfo::test_format_excinfo[reproptions10]"", ""testing/code/test_excinfo.py::TestFormattedExcinfo::test_format_excinfo[reproptions11]"", ""testing/code/test_excinfo.py::TestFormattedExcinfo::test_format_excinfo[reproptions12]"", ""testing/code/test_excinfo.py::TestFormattedExcinfo::test_format_excinfo[reproptions13]"", ""testing/code/test_excinfo.py::TestFormattedExcinfo::test_format_excinfo[reproptions14]"", ""testing/code/test_excinfo.py::TestFormattedExcinfo::test_format_excinfo[reproptions15]"", ""testing/code/test_excinfo.py::TestFormattedExcinfo::test_format_excinfo[reproptions16]"", ""testing/code/test_excinfo.py::TestFormattedExcinfo::test_format_excinfo[reproptions17]"", ""testing/code/test_excinfo.py::TestFormattedExcinfo::test_format_excinfo[reproptions18]"", ""testing/code/test_excinfo.py::TestFormattedExcinfo::test_format_excinfo[reproptions19]"", ""testing/code/test_excinfo.py::TestFormattedExcinfo::test_format_excinfo[reproptions20]"", ""testing/code/test_excinfo.py::TestFormattedExcinfo::test_format_excinfo[reproptions21]"", ""testing/code/test_excinfo.py::TestFormattedExcinfo::test_format_excinfo[reproptions22]"", ""testing/code/test_excinfo.py::TestFormattedExcinfo::test_format_excinfo[reproptions23]"", ""testing/code/test_excinfo.py::TestFormattedExcinfo::test_traceback_repr_style"", ""testing/code/test_excinfo.py::TestFormattedExcinfo::test_exc_chain_repr"", ""testing/code/test_excinfo.py::TestFormattedExcinfo::test_exc_repr_chain_suppression[from_none]"", ""testing/code/test_excinfo.py::TestFormattedExcinfo::test_exc_repr_chain_suppression[explicit_suppress]"", ""testing/code/test_excinfo.py::TestFormattedExcinfo::test_exc_chain_repr_without_traceback[cause-The"", ""testing/code/test_excinfo.py::TestFormattedExcinfo::test_exc_chain_repr_without_traceback[context-During"", ""testing/code/test_excinfo.py::TestFormattedExcinfo::test_exc_chain_repr_cycle"", ""testing/code/test_excinfo.py::test_repr_traceback_with_unicode[None-short]"", ""testing/code/test_excinfo.py::test_repr_traceback_with_unicode[None-long]"", ""testing/code/test_excinfo.py::test_repr_traceback_with_unicode[utf8-short]"", ""testing/code/test_excinfo.py::test_repr_traceback_with_unicode[utf8-long]"", ""testing/code/test_excinfo.py::test_repr_traceback_with_unicode[utf16-short]"", ""testing/code/test_excinfo.py::test_repr_traceback_with_unicode[utf16-long]"", ""testing/code/test_excinfo.py::test_exception_repr_extraction_error_on_recursion"", ""testing/code/test_excinfo.py::test_no_recursion_index_on_recursion_error"", ""testing/code/test_excinfo.py::TestTraceback_f_g_h::test_traceback_cut_excludepath"", ""testing/code/test_excinfo.py::test_match_raises_error"", ""testing/code/test_excinfo.py::test_cwd_deleted""], ""success"": []}}, ""resolution"": ""RESOLVED_NO"", ""selected"": {}}","{""found"": false, ""report"": {""FAIL_TO_FAIL"": {""failure"": [], ""success"": []}, ""FAIL_TO_PASS"": {""failure"": [""testing/code/test_excinfo.py::test_excinfo_repr_str""], ""success"": []}, ""PASS_TO_FAIL"": {""failure"": [], ""success"": []}, ""PASS_TO_PASS"": {""failure"": [""testing/code/test_excinfo.py::test_excinfo_simple"", ""testing/code/test_excinfo.py::test_excinfo_getstatement"", ""testing/code/test_excinfo.py::TestTraceback_f_g_h::test_traceback_entries"", ""testing/code/test_excinfo.py::TestTraceback_f_g_h::test_traceback_entry_getsource"", ""testing/code/test_excinfo.py::TestTraceback_f_g_h::test_traceback_entry_getsource_in_construct"", ""testing/code/test_excinfo.py::TestTraceback_f_g_h::test_traceback_cut"", ""testing/code/test_excinfo.py::TestTraceback_f_g_h::test_traceback_filter"", ""testing/code/test_excinfo.py::TestTraceback_f_g_h::test_traceback_filter_selective[<lambda>-True]"", ""testing/code/test_excinfo.py::TestTraceback_f_g_h::test_traceback_filter_selective[<lambda>-False]"", ""testing/code/test_excinfo.py::TestTraceback_f_g_h::test_traceback_filter_selective[tracebackhide2-True]"", ""testing/code/test_excinfo.py::TestTraceback_f_g_h::test_traceback_filter_selective[tracebackhide3-False]"", ""testing/code/test_excinfo.py::TestTraceback_f_g_h::test_traceback_recursion_index"", ""testing/code/test_excinfo.py::TestTraceback_f_g_h::test_traceback_only_specific_recursion_errors"", ""testing/code/test_excinfo.py::TestTraceback_f_g_h::test_traceback_no_recursion_index"", ""testing/code/test_excinfo.py::TestTraceback_f_g_h::test_traceback_getcrashentry"", ""testing/code/test_excinfo.py::TestTraceback_f_g_h::test_traceback_getcrashentry_empty"", ""testing/code/test_excinfo.py::test_excinfo_exconly"", ""testing/code/test_excinfo.py::test_excinfo_for_later"", ""testing/code/test_excinfo.py::test_excinfo_errisinstance"", ""testing/code/test_excinfo.py::test_excinfo_no_sourcecode"", ""testing/code/test_excinfo.py::test_entrysource_Queue_example"", ""testing/code/test_excinfo.py::test_codepath_Queue_example"", ""testing/code/test_excinfo.py::test_match_succeeds"", ""testing/code/test_excinfo.py::TestFormattedExcinfo::test_repr_source"", ""testing/code/test_excinfo.py::TestFormattedExcinfo::test_repr_source_excinfo"", ""testing/code/test_excinfo.py::TestFormattedExcinfo::test_repr_source_not_existing"", ""testing/code/test_excinfo.py::TestFormattedExcinfo::test_repr_many_line_source_not_existing"", ""testing/code/test_excinfo.py::TestFormattedExcinfo::test_repr_source_failing_fullsource"", ""testing/code/test_excinfo.py::TestFormattedExcinfo::test_repr_local"", ""testing/code/test_excinfo.py::TestFormattedExcinfo::test_repr_local_with_error"", ""testing/code/test_excinfo.py::TestFormattedExcinfo::test_repr_local_with_exception_in_class_property"", ""testing/code/test_excinfo.py::TestFormattedExcinfo::test_repr_local_truncated"", ""testing/code/test_excinfo.py::TestFormattedExcinfo::test_repr_tracebackentry_lines"", ""testing/code/test_excinfo.py::TestFormattedExcinfo::test_repr_tracebackentry_lines2"", ""testing/code/test_excinfo.py::TestFormattedExcinfo::test_repr_tracebackentry_lines_var_kw_args"", ""testing/code/test_excinfo.py::TestFormattedExcinfo::test_repr_tracebackentry_short"", ""testing/code/test_excinfo.py::TestFormattedExcinfo::test_repr_tracebackentry_no"", ""testing/code/test_excinfo.py::TestFormattedExcinfo::test_repr_traceback_tbfilter"", ""testing/code/test_excinfo.py::TestFormattedExcinfo::test_traceback_short_no_source"", ""testing/code/test_excinfo.py::TestFormattedExcinfo::test_repr_traceback_and_excinfo"", ""testing/code/test_excinfo.py::TestFormattedExcinfo::test_repr_traceback_with_invalid_cwd"", ""testing/code/test_excinfo.py::TestFormattedExcinfo::test_repr_excinfo_addouterr"", ""testing/code/test_excinfo.py::TestFormattedExcinfo::test_repr_excinfo_reprcrash"", ""testing/code/test_excinfo.py::TestFormattedExcinfo::test_repr_traceback_recursion"", ""testing/code/test_excinfo.py::TestFormattedExcinfo::test_reprexcinfo_getrepr"", ""testing/code/test_excinfo.py::TestFormattedExcinfo::test_reprexcinfo_unicode"", ""testing/code/test_excinfo.py::TestFormattedExcinfo::test_toterminal_long"", ""testing/code/test_excinfo.py::TestFormattedExcinfo::test_toterminal_long_missing_source"", ""testing/code/test_excinfo.py::TestFormattedExcinfo::test_toterminal_long_incomplete_source"", ""testing/code/test_excinfo.py::TestFormattedExcinfo::test_toterminal_long_filenames"", ""testing/code/test_excinfo.py::TestFormattedExcinfo::test_format_excinfo[reproptions0]"", ""testing/code/test_excinfo.py::TestFormattedExcinfo::test_format_excinfo[reproptions1]"", ""testing/code/test_excinfo.py::TestFormattedExcinfo::test_format_excinfo[reproptions2]"", ""testing/code/test_excinfo.py::TestFormattedExcinfo::test_format_excinfo[reproptions3]"", ""testing/code/test_excinfo.py::TestFormattedExcinfo::test_format_excinfo[reproptions4]"", ""testing/code/test_excinfo.py::TestFormattedExcinfo::test_format_excinfo[reproptions5]"", ""testing/code/test_excinfo.py::TestFormattedExcinfo::test_format_excinfo[reproptions6]"", ""testing/code/test_excinfo.py::TestFormattedExcinfo::test_format_excinfo[reproptions7]"", ""testing/code/test_excinfo.py::TestFormattedExcinfo::test_format_excinfo[reproptions8]"", ""testing/code/test_excinfo.py::TestFormattedExcinfo::test_format_excinfo[reproptions9]"", ""testing/code/test_excinfo.py::TestFormattedExcinfo::test_format_excinfo[reproptions10]"", ""testing/code/test_excinfo.py::TestFormattedExcinfo::test_format_excinfo[reproptions11]"", ""testing/code/test_excinfo.py::TestFormattedExcinfo::test_format_excinfo[reproptions12]"", ""testing/code/test_excinfo.py::TestFormattedExcinfo::test_format_excinfo[reproptions13]"", ""testing/code/test_excinfo.py::TestFormattedExcinfo::test_format_excinfo[reproptions14]"", ""testing/code/test_excinfo.py::TestFormattedExcinfo::test_format_excinfo[reproptions15]"", ""testing/code/test_excinfo.py::TestFormattedExcinfo::test_format_excinfo[reproptions16]"", ""testing/code/test_excinfo.py::TestFormattedExcinfo::test_format_excinfo[reproptions17]"", ""testing/code/test_excinfo.py::TestFormattedExcinfo::test_format_excinfo[reproptions18]"", ""testing/code/test_excinfo.py::TestFormattedExcinfo::test_format_excinfo[reproptions19]"", ""testing/code/test_excinfo.py::TestFormattedExcinfo::test_format_excinfo[reproptions20]"", ""testing/code/test_excinfo.py::TestFormattedExcinfo::test_format_excinfo[reproptions21]"", ""testing/code/test_excinfo.py::TestFormattedExcinfo::test_format_excinfo[reproptions22]"", ""testing/code/test_excinfo.py::TestFormattedExcinfo::test_format_excinfo[reproptions23]"", ""testing/code/test_excinfo.py::TestFormattedExcinfo::test_traceback_repr_style"", ""testing/code/test_excinfo.py::TestFormattedExcinfo::test_exc_chain_repr"", ""testing/code/test_excinfo.py::TestFormattedExcinfo::test_exc_repr_chain_suppression[from_none]"", ""testing/code/test_excinfo.py::TestFormattedExcinfo::test_exc_repr_chain_suppression[explicit_suppress]"", ""testing/code/test_excinfo.py::TestFormattedExcinfo::test_exc_chain_repr_without_traceback[cause-The"", ""testing/code/test_excinfo.py::TestFormattedExcinfo::test_exc_chain_repr_without_traceback[context-During"", ""testing/code/test_excinfo.py::TestFormattedExcinfo::test_exc_chain_repr_cycle"", ""testing/code/test_excinfo.py::test_repr_traceback_with_unicode[None-short]"", ""testing/code/test_excinfo.py::test_repr_traceback_with_unicode[None-long]"", ""testing/code/test_excinfo.py::test_repr_traceback_with_unicode[utf8-short]"", ""testing/code/test_excinfo.py::test_repr_traceback_with_unicode[utf8-long]"", ""testing/code/test_excinfo.py::test_repr_traceback_with_unicode[utf16-short]"", ""testing/code/test_excinfo.py::test_repr_traceback_with_unicode[utf16-long]"", ""testing/code/test_excinfo.py::test_exception_repr_extraction_error_on_recursion"", ""testing/code/test_excinfo.py::test_no_recursion_index_on_recursion_error"", ""testing/code/test_excinfo.py::TestTraceback_f_g_h::test_traceback_cut_excludepath"", ""testing/code/test_excinfo.py::test_match_raises_error"", ""testing/code/test_excinfo.py::test_cwd_deleted""], ""success"": []}}, ""resolution"": ""RESOLVED_NO"", ""selected"": {}}",False,INCONCLUSIVE,INCONCLUSIVE,ARCHIVE_INCOMPATIBLE_WITH_REQUIRED_NATIVE_MARKERS
